date,Arb Nbuy,Nonarb Nbuy,Inst Nbuy,Foreign Nbuy,VKOSPI,VIX
2006-01-02,-421.58,65.79,-225.58379,16.85259,20.8,12.07
2006-01-03,-228.5,-54.92,-110.00955,-6.20243,20.24,11.14
2006-01-04,-144.53,10.64,43.43478,187.6255,19.93,11.37
2006-01-05,183.2,71.5,132.96375,87.38108,20.24,11.31
2006-01-06,-62.62,93.89,158.02297,11.26912,18.96,11
2006-01-09,-43.72,-7.61,91.29411,-154.02778,20.42,11.13
2006-01-10,-145.61,-9.76,-136.44816,83.41842,22,10.86
2006-01-11,128.51,106.49,253.79166,-215.81451,21.66,10.94
2006-01-12,-42.98,-37.31,-93.20096,163.22904,20.97,11.2
2006-01-13,30.87,35.16,121.12524,-41.55432,18.55,11.23
2006-01-16,-21.39,0.05,171.67642,-85.14781,18.72,11.23
2006-01-17,-155.03,-55.18,-200.09715,95.99592,20.52,11.91
2006-01-18,119.05,1.59,192.23505,-310.72036,22.23,12.25
2006-01-19,-91.31,32.11,15.3045,83.4732,21.09,11.98
2006-01-20,-194.45,27.12,-266.36399,462.20514,22.89,14.56
2006-01-23,604.76,17.5,424.60966,96.3052,25.06,13.93
2006-01-24,103.33,-7.39,-254.22836,320.60085,23.18,13.31
2006-01-25,-558.47,23.44,-719.3252,648.12462,22.39,12.87
2006-01-26,-105.71,5.27,-235.01518,217.92523,21.02,12.42
2006-01-27,9.15,-18.31,65.20749,160.39641,20.39,11.97
2006-01-31,-122.7,23.44,-133.72413,301.02138,21.57,12.95
2006-02-01,234.81,-6.16,34.90561,142.09593,23.61,12.36
2006-02-02,93.17,-158.15,4.15593,-146.27565,22.46,13.23
2006-02-03,-210.22,68.22,-277.11102,55.67675,24.67,12.96
2006-02-06,-74.2,108.92,-10.012,-77.67177,24.71,13.04
2006-02-07,-190.31,-1.9,48.90933,-29.743,24.78,13.59
2006-02-08,-65.76,-31.88,45.8644,-149.81978,24.9,12.83
2006-02-09,-190.16,-27.67,-187.68752,47.673,22.09,13.12
2006-02-10,-76.37,-49.34,66.38865,-5.2749,21.91,12.87
2006-02-13,-256.29,-107.05,-252.84145,65.11405,23.85,13.35
2006-02-14,284.31,-21.64,428.69964,-381.11318,23.31,12.25
2006-02-15,-253.73,-100.1,-137.64209,-134.34093,24.35,12.31
2006-02-16,118.13,74.63,271.87175,-21.94049,23.45,11.48
2006-02-17,-22.53,11.43,121.14092,181.99737,23.16,12.01
2006-02-20,365.67,-15.04,329.51531,-111.4476,23.13,12.01
2006-02-21,88.43,-53.16,133.1449,-152.68616,22.9,12.41
2006-02-22,-305.82,22.19,-269.69769,85.94489,23.12,11.88
2006-02-23,333.89,35.08,336.01715,11.37201,21.43,11.87
2006-02-24,168.17,-12.72,149.33497,5.94116,20.64,11.46
2006-02-27,94.98,-27.67,-41.33721,80.74065,19.55,11.59
2006-02-28,-10.12,-74.1,35.90274,0.04284,19.9,12.34
2006-03-02,18.81,44.19,19.76,-24.82872,19.82,11.72
2006-03-03,-435.53,-11.23,-244.9408,-146.06816,21.01,11.96
2006-03-06,144.51,92.67,223.60128,-223.56501,20.19,12.74
2006-03-07,-159.29,-39.99,-8.841,-130.30558,22.3,12.66
2006-03-08,210.82,-46.66,373.88993,-482.0885,22.03,12.32
2006-03-09,-5.7,-145.46,134.10921,-309.25189,23.08,12.68
2006-03-10,-97.65,-36.25,-87.4142,30.22882,20.19,11.85
2006-03-13,7.97,-12.27,60.81775,44.13473,19.56,11.37
2006-03-14,-254.19,-73.86,-305.49953,201.84326,21.53,10.74
2006-03-15,292.18,5.29,228.71731,-77.73098,20.71,11.35
2006-03-16,38.15,14.53,105.18016,126.62021,20.5,11.98
2006-03-17,86.95,30.19,88.23936,-0.49671,19.91,12.12
2006-03-20,176.91,1.64,192.16978,-67.60567,20.5,11.79
2006-03-21,-55.94,-49.24,-138.0004,85.70527,21.05,11.62
2006-03-22,-415.44,-22.84,-370.79445,51.20801,21.55,11.21
2006-03-23,-156.16,79.47,-205.91891,113.87693,21.39,11.17
2006-03-24,110.18,96.44,104.02206,41.04691,20.88,11.19
2006-03-27,155.34,68.45,72.73911,124.4802,19.88,11.46
2006-03-28,163.49,33.37,38.11286,116.28661,19.56,11.58
2006-03-29,295.03,57.94,264.76839,-83.73173,19.48,10.95
2006-03-30,110.3,-6.89,194.07592,-38.69744,19.26,11.57
2006-03-31,231.84,70.89,186.46734,112.67148,18.19,11.39
2006-04-03,132.47,42.97,97.49115,241.22874,17.64,11.57
2006-04-04,-214.8,13.44,-271.5836,497.11909,17.85,11.14
2006-04-05,-33.98,25.21,-155.35583,323.39742,18.69,11.13
2006-04-06,206.95,-49.86,142.95679,124.9993,18.33,11.45
2006-04-07,105.73,-14.81,0.16959,55.0849,18.92,12.26
2006-04-10,234.65,70.99,202.18077,-128.64944,20.47,12.19
2006-04-11,-10.48,21.01,-983.12365,894.16154,20.88,13
2006-04-12,-93.59,71.25,90.78917,-180.92139,19.82,12.76
2006-04-13,-19.9,-30.33,118.74435,-182.12364,18.43,12.38
2006-04-14,133.65,100.57,305.209,69.13282,17.54,12.38
2006-04-17,-31.19,-55.31,-193.82824,55.95118,19.23,12.58
2006-04-18,316.28,33.84,244.69387,-109.95398,19.48,11.4
2006-04-19,24.19,-57.47,-88.76703,315.83075,19.01,11.32
2006-04-20,15.18,-21.37,-27.5376,-24.37912,19.37,11.64
2006-04-21,12.18,-19.38,34.33587,114.95589,17.91,11.59
2006-04-24,-386.38,-66.11,-266.84262,12.82753,19.02,11.75
2006-04-25,235.45,112.54,444.5117,-489.09349,18.28,11.75
2006-04-26,219.89,85.42,380.17583,-259.60736,17.65,11.76
2006-04-27,22.65,-10.45,601.33774,-689.8654,17.49,11.84
2006-04-28,-159.32,-119.42,-100.30917,-174.37642,17.98,11.59
2006-05-02,-38.88,9.15,103.04344,-169.44059,19.32,11.99
2006-05-03,-138.81,11.3,95.4691,-93.20955,18.77,11.99
2006-05-04,-69.69,-34.01,44.03813,-113.61465,19.14,11.86
2006-05-08,-29.7,31.68,26.42736,-3.17403,19.52,12
2006-05-09,-125.95,18.55,-63.44163,136.19096,20.08,11.99
2006-05-10,0.59,18.73,51.04318,-25.9052,19.77,11.78
2006-05-11,48.84,140.1,250.87094,-306.87632,18.04,12.49
2006-05-12,-535.62,60.24,-249.71862,-85.35396,19.43,14.19
2006-05-15,-294.86,39.27,53.636,-313.064,21.14,13.57
2006-05-16,-80.15,85.02,160.90559,-357.45443,23.54,13.35
2006-05-17,-106.77,52.12,202.26115,-106.91507,21.75,16.26
2006-05-18,-67.27,61.58,217.17978,-412.85766,22.64,16.99
2006-05-19,-49.75,72.85,218.82759,-468.99503,21.91,17.18
2006-05-22,-161.04,28.87,8.70326,-98.87495,23.35,17.72
2006-05-23,490.46,-4.97,717.3324,-668.07141,24.18,18.26
2006-05-24,87.47,34.49,397.17241,-377.87362,23.37,17.36
2006-05-25,-227.58,-45.67,77.08457,-234.53215,25.6,15.5
2006-05-26,32.87,55.21,192.0835,-83.46343,23.08,14.26
2006-05-29,-297.4,34.32,-89.49556,143.93673,22.56,14.26
2006-05-30,-209.85,143.45,-0.20646,99.78143,21.21,18.66
2006-06-01,-93.97,163.9,-18.45222,61.37877,22.38,14.52
2006-06-02,108.65,98.43,155.93549,-48.84449,21.74,14.32
2006-06-05,-274.22,-55.04,-101.38721,103.13013,24.09,16.65
2006-06-07,310.94,-58.98,356.40103,-226.82292,24.91,17.8
2006-06-08,-270.42,-233.91,-128.60474,-141.54299,30.91,18.35
2006-06-09,54.6,-60.13,256.04685,-536.87117,28.4,18.12
2006-06-12,0.43,5.76,233.12318,-247.98016,27.65,20.96
2006-06-13,-33.76,-35.29,71.2356,-165.13286,29.4,23.81
2006-06-14,236.77,22.36,499.99194,-510.63861,28.19,21.46
2006-06-15,-241.06,-33.36,-33.47776,-113.62721,26.87,15.9
2006-06-16,116.27,72.64,286.00377,-48.49005,24.32,17.25
2006-06-19,-123.81,-24.85,-21.9437,-37.62895,26.05,17.83
2006-06-20,-42.11,-61.73,-72.8043,-62.88497,27.18,16.69
2006-06-21,-9.34,-58.01,41.06806,-200.54848,27.06,15.52
2006-06-22,351.49,12.88,53.47245,-15.36477,25.89,15.88
2006-06-23,-99.81,20.66,40.05065,-126.60475,26.12,15.89
2006-06-26,86.63,14.03,198.19448,-183.27339,26.07,15.62
2006-06-27,-105.41,43.6,39.72582,-45.82842,25.29,16.4
2006-06-28,-150.16,25.95,33.45888,-132.86679,26.4,15.79
2006-06-29,335.36,64.43,339.56321,-183.08579,24.9,13.03
2006-06-30,21.13,393.13,143.23526,201.33615,22.72,13.08
2006-07-03,-139.78,83.29,-124.64408,-3.49476,23.73,13.05
2006-07-04,-60.89,60.36,-111.37866,53.02629,23.84,13.05
2006-07-05,-48.71,54.72,83.41631,-14.38643,24.57,14.15
2006-07-06,-208.01,4.87,-81.75707,-79.07014,24.91,13.65
2006-07-07,-82.75,-14.34,-47.68978,56.12265,23.94,13.97
2006-07-10,390.81,59.11,471.482,-292.10727,24.65,14.02
2006-07-11,-92,56.44,-28.73542,-44.34455,24.75,13.14
2006-07-12,64.04,1.35,127.00899,-172.45558,25.13,14.49
2006-07-13,-191.16,-28.61,-71.79257,-67.41883,26.08,17.79
2006-07-14,-358.19,17.84,-192.48305,-96.22127,26.88,18.05
2006-07-18,-39.66,1.71,81.10528,-87.5655,27.12,17.74
2006-07-19,5.32,10.8,116.38116,-118.29043,26.89,15.55
2006-07-20,278.94,16.71,280.90711,-121.80574,23.88,16.21
2006-07-21,-52.82,23.06,95.29821,-67.18771,24.29,17.4
2006-07-24,-50.3,-12.79,52.37813,-237.2795,25.38,14.98
2006-07-25,300.44,67.06,383.29545,-86.54088,23.74,14.85
2006-07-26,-20.75,13.29,61.86978,-3.82454,23.9,14.62
2006-07-27,296.52,130.87,434.19955,-233.33221,22.88,14.94
2006-07-28,65.23,-0.1,120.35002,-78.65789,22.91,14.33
2006-07-31,-44.34,106.66,-102.97784,113.11525,23.75,14.95
2006-08-01,171.17,49.26,200.06337,-169.5819,23.88,15.05
2006-08-02,135.22,67.57,142.05868,-215.19724,23.59,14.34
2006-08-03,-68.48,15.81,-57.54702,20.82608,22.6,14.46
2006-08-04,160.58,111.02,227.53276,-133.56177,22.1,14.34
2006-08-07,-229.97,79.79,-172.54329,80.29523,23.56,15.23
2006-08-08,403.26,91.75,474.56418,-306.40087,23.43,15.23
2006-08-09,165.48,6.24,155.86662,-85.22824,22.77,15.2
2006-08-10,-343.91,-16.03,-184.88956,-88.50254,23.28,14.46
2006-08-11,30.26,14.52,122.24522,-244.85815,22.98,14.3
2006-08-14,277.96,65.65,315.53845,-259.78257,23.29,14.26
2006-08-16,169.16,20.79,350.12209,-156.86202,20.51,12.41
2006-08-17,49.65,46.73,237.22423,40.30143,19.9,12.24
2006-08-18,39.49,-6.57,2.57695,141.82954,19.23,11.64
2006-08-21,-91.5,-3.37,-26.31352,-48.07736,20.59,12.22
2006-08-22,265.91,55.69,369.93359,-332.11002,19.42,12.19
2006-08-23,-133.92,-71.91,13.04758,-157.66665,19.67,12.4
2006-08-24,-95.45,-49.53,45.74722,-233.63294,19.22,12.4
2006-08-25,181.43,-14.22,244.62454,-163.31616,19.22,12.31
2006-08-28,-10.19,33.13,93.17137,-3.0207,20.06,12.18
2006-08-29,63.18,65.31,154.47061,19.41312,18.2,12.28
2006-08-30,-53.6,42.64,26.42873,-38.22456,18.84,12.22
2006-08-31,333.46,-44.09,422.75491,-125.4424,17.9,12.31
2006-09-01,41.72,6.55,125.00208,-121.50014,17.85,11.96
2006-09-04,10.54,23.2,-53.4547,102.09946,18.07,11.96
2006-09-05,22.81,-34.6,-21.19356,92.66112,18.42,12.63
2006-09-06,-93.87,18.84,-98.86514,136.35912,19.07,13.74
2006-09-07,154.46,37.24,201.82833,-208.2643,19.48,13.88
2006-09-08,142.49,66.29,108.26314,-78.12652,19.31,13.16
2006-09-11,-100.91,75.04,-68.02912,-30.35373,20.46,12.99
2006-09-12,-12.97,78.04,109.03899,-290.46729,21.27,11.92
2006-09-13,-11.75,35.05,-40.15492,0.9632,20.26,11.18
2006-09-14,335.26,18.63,354.39837,-199.37737,18.6,11.55
2006-09-15,-75.48,7.41,149.5308,-210.53407,16.62,11.76
2006-09-18,307.63,-7.28,410.29711,-72.69777,17.25,11.78
2006-09-19,-113.76,69.8,-120.40602,65.85067,17.24,11.98
2006-09-20,108.26,-33.29,134.52904,-355.45366,17.8,11.39
2006-09-21,27.54,30.63,25.408,-62.08,17.85,12.25
2006-09-22,-101.93,57.59,-91.31734,-64.23099,18.25,12.59
2006-09-25,191.4,73.14,343.20985,-295.80551,18.03,12.12
2006-09-26,-228,-29.42,-114.73365,31.10951,18.29,11.53
2006-09-27,332.18,93.73,246.38214,12.39907,17.25,11.58
2006-09-28,89.01,4.29,260.01289,-27.94837,16.85,11.72
2006-09-29,37.1,24.68,98.24332,16.71317,16.71,11.98
2006-10-02,200.18,6.4,176.96354,-56.53979,17.24,12.57
2006-10-04,-222.95,60.91,-122.27712,100.07426,18.24,11.86
2006-10-09,21.87,99.88,127.94251,473.94356,22.65,11.68
2006-10-10,13.72,19.13,7.86084,119.1755,22.25,11.52
2006-10-11,95.72,-67.2,30.45698,26.19029,21.6,11.62
2006-10-12,-44.36,-39.9,0.62021,-137.6945,20.09,11.09
2006-10-13,220.31,57.66,194.06231,-35.29603,18.96,10.75
2006-10-16,21.03,61.61,8.51593,-33.32298,18.5,11.09
2006-10-17,64.28,-18.56,114.83857,-30.30964,18.7,11.73
2006-10-18,233.58,46.01,283.89835,-177.30247,18.71,11.34
2006-10-19,9.46,51.14,11.95703,-48.91278,18.85,10.9
2006-10-20,155.38,-81.27,98.04433,-175.02531,17.77,10.63
2006-10-23,76.05,-5.02,152.69771,-360.89093,18.06,11.08
2006-10-24,-55.35,26.68,-97.87944,4.03203,17.75,10.78
2006-10-25,96.15,22.32,51.29201,0.57036,17.18,10.66
2006-10-26,19.7,82.68,-74.53835,57.13488,17.46,10.56
2006-10-27,90.48,26.22,24.37189,-120.27957,17.25,10.8
2006-10-30,39.99,37.81,123.09181,-113.06886,18.07,11.2
2006-10-31,5.07,94.98,160.85538,-141.58313,16.84,11.1
2006-11-01,29.94,3.54,180.89905,-203.01483,15.96,11.51
2006-11-02,95.51,10.74,237.60874,-167.32414,16.06,11.42
2006-11-03,70.77,-24.3,144.61379,-214.67188,15.73,11.16
2006-11-06,-66.59,31.62,36.70449,-180.25228,16.51,11.16
2006-11-07,152.69,-15.41,178.28849,-80.82998,16.31,11.09
2006-11-08,7.9,20.28,-11.54069,-23.55578,16.04,10.75
2006-11-09,139.45,36.7,82.78203,-41.07597,14.7,11.01
2006-11-10,13.34,18.32,33.5745,-91.7044,14.43,10.79
2006-11-13,20.25,10.7,-52.0319,-82.01705,14.94,10.86
2006-11-14,-139.62,197.86,-23.92653,60.33854,14.15,10.5
2006-11-15,-90.46,-14.02,-139.89912,178.75938,14.46,10.31
2006-11-16,9.8,-36.84,-112.66166,106.86533,14.41,10.16
2006-11-17,139.42,-39.22,90.95645,-77.60008,14.29,10.05
2006-11-20,-46.79,74.59,-79.67401,-10.18063,15.46,9.97
2006-11-21,113.58,-13.76,110.74911,-213.49282,14.72,9.9
2006-11-22,194.6,-17.88,118.61175,-94.1893,14.23,10.14
2006-11-23,116.36,-24.18,4.495,-83.36873,14.17,10.14
2006-11-24,192.79,-12.89,110.057,-117.99818,14.28,10.73
2006-11-27,67.76,27.3,9.86592,-90.07239,14.98,12.3
2006-11-28,-64.81,82.54,47.15604,-135.57526,15.46,11.62
2006-11-29,154.5,62.45,271.6451,-143.73738,15.2,10.83
2006-11-30,17.04,42,10.80008,99.01749,14.68,10.91
2006-12-01,27.3,-70.43,-13.85147,46.04491,14.44,11.66
2006-12-04,22.55,47.46,-26.35925,-83.29403,15.68,11.23
2006-12-05,97.6,23.85,-61.21333,80.2438,15.71,11.27
2006-12-06,46.15,35.91,-3.93854,16.8883,16.83,11.33
2006-12-07,91.53,24.81,114.31124,-65.10461,16.79,12.67
2006-12-08,-19.12,-40.29,64.29293,-168.94721,18.23,12.07
2006-12-11,-5.72,-12,-6.96532,-27.05019,17.91,10.71
2006-12-12,-79.27,24.76,-182.39938,145.74102,18.26,10.65
2006-12-13,-169.99,198.7,-29.12222,0.65614,17.33,10.18
2006-12-14,-165.16,470.75,-664.17395,775.56315,16.4,9.97
2006-12-15,-123.8,-2.23,-26.40695,-41.47659,15.1,10.05
2006-12-18,114.04,27.85,8.11663,25.95254,14.23,10.6
2006-12-19,75.7,-16.29,18.32454,-61.15776,14.74,10.3
2006-12-20,155.17,120.24,75.83275,-16.66946,14.65,10.26
2006-12-21,198.8,-19.06,-142.02339,114.43495,14.71,10.53
2006-12-22,178.46,160.83,-27.2904,121.85964,14.65,11.36
2006-12-26,73.62,108.85,-128.4721,159.63377,15.71,11.26
2006-12-27,24.86,-33.34,-52.79197,14.75487,15.5,10.64
2006-12-28,-4.41,107.11,80.44178,-24.79582,15.4,10.99
2007-01-02,-85.14,-27.4,-49.47949,19.42062,15.68,11.56
2007-01-03,-15.43,-69.64,-89.72079,-56.10578,17.25,12.04
2007-01-04,-149.64,-5.43,-139.35406,-90.72606,17.33,11.51
2007-01-05,-376.71,-56.76,-184.34334,-17.53876,17.25,12.14
2007-01-08,-71.97,-104.63,89.92951,-231.76293,18.3,12
2007-01-09,-129.65,-75.57,-24.06391,-10.24666,17.68,11.91
2007-01-10,-279.42,-125.74,-132.50714,-55.77047,18.9,11.47
2007-01-11,-210.2,-31.72,-84.99428,-27.16179,18.69,10.87
2007-01-12,-104.84,-79.96,-52.12107,71.82996,16.54,10.15
2007-01-15,-160.47,-55.78,-272.42471,326.74864,16.68,10.15
2007-01-16,19.08,-47.45,90.2215,-51.76407,16.66,10.74
2007-01-17,-152.34,-12.59,-200.64398,166.77107,16.84,10.59
2007-01-18,64.89,23.55,87.82506,-46.12415,16.91,10.85
2007-01-19,-37.3,-16.04,-130.08946,95.73516,17.48,10.4
2007-01-22,111.11,-34.39,74.12833,-36.85329,17.38,10.77
2007-01-23,32.83,74.41,23.99008,47.36204,17.53,10.34
2007-01-24,118.77,-31.98,74.8039,47.52871,16.73,9.89
2007-01-25,40.27,-38.6,8.86526,76.09313,16.62,11.22
2007-01-26,-105.61,27.25,56.66416,-56.19861,17.23,11.13
2007-01-29,-95.69,2.72,-23.66517,-55.68964,17.9,11.45
2007-01-30,53.8,70.51,157.99661,-102.25582,17.73,10.96
2007-01-31,-151.64,21.2,-94.40625,45.96707,17.99,10.42
2007-02-01,169.19,-38.13,238.18931,7.75889,16.92,10.31
2007-02-02,49.57,30.72,119.1491,351.49976,16.39,10.08
2007-02-05,-61.8,-43.39,-123.26685,278.30501,17.19,10.55
2007-02-06,87.4,-125.64,-78.89973,112.2577,17.29,10.65
2007-02-07,84.54,-50.63,-97.30521,97.66212,17.39,10.32
2007-02-08,167.38,-25.75,101.98031,-207.90574,17.25,10.44
2007-02-09,181.46,-23.47,191.80722,-106.1053,16.05,11.1
2007-02-12,-63.52,100.43,-30.97506,-121.33214,17.11,11.61
2007-02-13,41.78,67.5,152.97401,-186.17851,16.8,10.34
2007-02-14,143.55,-91.56,224.60108,-13.56157,16.57,10.23
2007-02-15,-18.73,-110,-159.30407,251.74697,16.41,10.22
2007-02-16,-26.08,-127.2,-166.92182,189.31482,16.08,10.02
2007-02-20,-13.81,-88.76,-149.38563,145.08115,16.68,10.24
2007-02-21,-11.81,-103.69,-61.64041,74.39206,16.86,10.2
2007-02-22,231.94,-136.26,196.12917,27.82022,17.33,10.18
2007-02-23,195.24,-6.56,-364.21727,454.46975,17.12,10.58
2007-02-26,48.21,-6.05,-178.90347,165.88586,17.82,11.15
2007-02-27,-39.16,-89.39,-31.06068,25.53128,17.9,18.31
2007-02-28,-498.34,-14.86,-166.42207,-307.48465,20.38,15.42
2007-03-02,-252.88,75.33,-44.22078,-154.44553,20.06,18.61
2007-03-05,-239.62,-29.4,69.44284,-278.70793,21.62,19.63
2007-03-06,0.57,-59.2,174.49439,-260.83664,20.33,15.96
2007-03-07,-256.68,-74.82,-71.23114,61.81464,19.43,15.24
2007-03-08,97.63,-231.05,282.43787,-276.28755,17.91,14.29
2007-03-09,-262.7,-92.21,-79.33662,42.64751,18.7,14.09
2007-03-12,-185.22,-44.75,10.8453,67.98685,19.01,13.99
2007-03-13,-257.12,69.81,-108.9726,56.69799,19.67,18.13
2007-03-14,-243.19,-15.93,67.27304,-227.5308,21.07,17.27
2007-03-15,151.64,-126.17,192.31715,-165.55111,20.14,16.43
2007-03-16,-13.22,-53.56,53.80976,-34.52378,20.29,16.79
2007-03-19,163.95,43.76,261.24277,-188.14696,21.04,14.59
2007-03-20,39.04,4.35,25.82965,13.86676,20.43,13.27
2007-03-21,-75.05,-27.09,-22.3444,37.10675,20.49,12.19
2007-03-22,97,-67.17,85.24698,67.70914,19.67,12.93
2007-03-23,23.64,26.36,6.76264,73.30263,19.28,12.95
2007-03-26,140.6,32.44,59.84676,38.48599,19.87,13.16
2007-03-27,214.35,78.16,125.27174,-37.92219,19.85,13.48
2007-03-28,-157.59,-17.21,-220.13899,53.24486,20.48,14.98
2007-03-29,113.4,56.74,48.2032,-62.41765,19.91,15.14
2007-03-30,-16.73,-13.85,-201.71284,93.90482,19.64,14.64
2007-04-02,127.44,-85.82,45.05617,-105.19029,19.71,14.53
2007-04-03,-171.2,-39.13,-194.8165,83.83573,19.37,13.46
2007-04-04,-147.42,-74.8,-183.45309,410.10429,18.97,13.24
2007-04-05,-15.76,-83.34,-135.23804,240.24063,18.91,13.23
2007-04-06,-29.76,-130.43,-208.12236,180.09468,18.63,13.23
2007-04-09,34.96,-27.25,-225.9411,167.52242,18.61,13.14
2007-04-10,-71.09,-103.41,-359.84927,131.41935,18.39,12.68
2007-04-11,48.18,-41.58,-43.47057,204.34413,18.49,13.49
2007-04-12,483.53,-124.09,279.99231,-94.80825,18.54,12.71
2007-04-13,-233.53,-70.45,-262.39687,397.09752,18,12.2
2007-04-16,-7.71,-64.29,-50.3534,77.48145,17.94,11.98
2007-04-17,-133.67,-37.06,-223.40298,243.64226,18.67,12.14
2007-04-18,58.93,-18.2,-36.73396,93.43988,18.31,12.42
2007-04-19,-228.72,-31.35,-286.12394,71.90303,19.11,12.54
2007-04-20,310.03,-101.26,-30.74934,54.41167,17.67,12.07
2007-04-23,-23.05,-43.22,-284.14166,305.33075,17.87,13.04
2007-04-24,-58.17,-106.85,-251.89179,151.37202,17.5,13.12
2007-04-25,-24.36,-201.06,-154.53962,-60.80428,18.13,13.21
2007-04-26,42.87,34.41,161.38062,-74.46061,18,12.79
2007-04-27,-97.62,-77.71,-214.28244,180.11563,18.78,12.45
2007-04-30,-32.88,41.78,-65.80503,56.54622,18.99,14.22
2007-05-02,0.21,62.21,-4.25538,-19.28941,18.65,13.08
2007-05-03,33.62,54.29,-66.51718,-67.16958,17.9,13.09
2007-05-04,-8.17,20.8,97.14676,-63.15127,17.34,12.91
2007-05-07,28.21,-60.28,93.34232,-120.2103,16.63,13.15
2007-05-08,-65.67,-117.01,-177.81569,147.86585,17.62,13.21
2007-05-09,76.92,-106.09,89.03042,-200.7641,17.68,12.88
2007-05-10,134.31,-30.24,-57.83559,112.4488,17.31,13.6
2007-05-11,-122.26,-93,-210.39859,-1.95844,17.43,12.95
2007-05-14,-70.13,-47.32,-109.59111,3.88713,18.36,13.96
2007-05-15,117.39,24.72,73.18728,21.01436,19.04,14.01
2007-05-16,132.48,-9.3,12.05338,-75.32484,18.26,13.5
2007-05-17,-89.74,-14.93,-195.11713,88.0436,17.12,13.51
2007-05-18,-4.42,-45.31,-23.1191,0.20442,17.12,12.76
2007-05-21,182.39,2.86,382.55858,-193.24441,17.11,13.3
2007-05-22,-533.45,-163.21,-517.13935,465.96332,16.93,13.06
2007-05-23,-35.37,-74.22,-34.83779,83.27647,17.69,13.24
2007-05-25,-40.69,-16.06,6.60576,-133.59682,17.96,13.34
2007-05-28,-136.92,-64.69,-115.88861,-6.82678,17.36,13.34
2007-05-29,-266.28,-45.06,-171.52987,125.4562,18.36,13.53
2007-05-30,-329.4,-107.19,-242.82121,31.96046,18.62,12.83
2007-05-31,148.63,149.4,261.93173,-25.03905,18.59,13.05
2007-06-01,89.81,-133.04,117.7989,9.2454,20.14,12.78
2007-06-04,-283.12,-62.46,-254.64983,194.05527,21.63,13.29
2007-06-05,-119.86,-78.07,1.26603,-44.45768,21.26,13.63
2007-06-07,61.47,62.19,148.04284,-370.90822,21.07,17.06
2007-06-08,-43.51,120.34,226.93344,-438.57087,21.16,14.84
2007-06-11,-318.52,-129.29,-72.71723,-96.96421,20.69,14.71
2007-06-12,-54.07,35.56,390.3323,-301.95868,19.98,16.67
2007-06-13,71.88,-107.81,224.0175,-316.01079,19.7,14.73
2007-06-14,737.04,-124.78,925.58894,-461.21311,20.12,13.64
2007-06-15,-195.6,-79.29,-183.06484,77.81464,19.25,13.94
2007-06-18,141.58,-96.16,222.39932,-350.76143,18.96,13.42
2007-06-19,-351.04,21.36,-209.66901,-185.948,20.03,12.85
2007-06-20,-73.6,114.09,217.75896,-318.92587,21.39,14.67
2007-06-21,470.1,-12.7,-20.63388,99.71014,20.81,14.21
2007-06-22,-190.26,9.65,-25.46929,-116.66423,21.84,15.75
2007-06-25,86.81,63.47,447.67286,-232.21495,21.9,16.65
2007-06-26,130.05,112.42,289.22874,-322.67821,20.72,18.89
2007-06-27,-272.15,106.81,73.94159,-165.73762,20.79,15.53
2007-06-28,-158.17,-129.96,78.68732,-85.53748,20.34,15.54
2007-06-29,127.4,-230.35,320.16438,-108.32702,19.95,16.23
2007-07-02,-11.11,-60.46,233.05602,-101.51152,19.57,15.4
2007-07-03,-99.63,-45.86,157.76625,67.57624,19.71,14.92
2007-07-04,-204.65,55.38,-22.72852,52.00935,20.04,14.92
2007-07-05,2.45,6.29,55.0325,172.93531,21.05,15.48
2007-07-06,-33.66,-82.16,28.4236,-27.33924,20.51,14.72
2007-07-09,-173.75,-37.8,-123.71119,99.11859,21.42,15.16
2007-07-10,-99.96,58.99,-35.08263,-79.32416,22.47,17.57
2007-07-11,40.67,102.68,7.94386,-193.45516,23.39,16.64
2007-07-12,-170.54,-73.83,-82.31403,86.41453,23.37,15.54
2007-07-13,141.78,1.7,502.45458,-95.38524,27.8,15.15
2007-07-16,218.45,186.28,525.21272,-637.58824,25.37,15.59
2007-07-18,-99.19,-29.55,152.4453,-592.07396,25.09,16
2007-07-19,380.39,18.75,381.83295,-449.59095,23.86,15.23
2007-07-20,-65.37,65.38,290.12567,-76.24727,22.76,16.95
2007-07-23,-61.33,117.79,129.93214,-274.34565,23.34,16.81
2007-07-24,-91.64,337.09,51.0203,-58.40415,23.42,18.55
2007-07-25,171.67,123.7,367.30217,-665.61188,24.12,18.1
2007-07-26,-95.4,78.73,117.86441,-516.80569,25.1,20.74
2007-07-27,-347.66,247.18,128.71299,-842.54611,26.78,24.17
2007-07-30,72.85,296.43,494.95184,-566.85566,28.73,20.87
2007-07-31,-345.67,320.73,-4.03406,-133.15436,27.71,23.52
2007-08-01,-735.39,73.1,-64.61712,-519.16932,31.97,23.67
2007-08-02,-25.56,14.72,356.01258,-465.76428,32.55,21.22
2007-08-03,-93.07,-49.73,255.66881,-246.68344,29.53,25.16
2007-08-06,-198.51,-97.1,189.81943,-495.12131,30.16,22.94
2007-08-07,17.08,-55.16,308.87045,-469.31676,29.34,21.56
2007-08-08,549.54,87.59,795.53862,-453.37327,28.75,21.45
2007-08-09,-216.27,-62.21,-20.5827,56.32945,30.4,26.48
2007-08-10,-559.64,16,-215.51292,-525.65366,37.35,28.3
2007-08-13,266.9,100.36,701.53829,-465.84513,36.2,26.57
2007-08-14,43.16,213.81,261.00554,-226.04419,36.72,27.68
2007-08-16,653.28,438.86,1731.46768,-1032.67603,41.37,30.83
2007-08-17,-284.51,44.89,425.60153,-871.64602,46.69,29.99
2007-08-20,-294.6,-0.79,-175.26196,-380.09376,41.77,26.33
2007-08-21,1,-114.39,276.80891,-305.286,38.5,25.25
2007-08-22,233.4,-77.09,423.36145,-484.63881,34.42,22.89
2007-08-23,534.3,-72.13,497.09615,-104.15824,32.94,22.62
2007-08-24,-19.31,72.4,69.84547,-221.28661,33.31,20.72
2007-08-27,56.65,-29.09,-54.78664,66.16711,32.53,22.72
2007-08-28,278.85,44.11,461.18545,-316.32726,34.35,26.3
2007-08-29,392.01,244.52,593.94483,-696.76328,35.67,23.81
2007-08-30,474.69,-221.46,319.96885,-336.8106,33.08,25.06
2007-08-31,1053.4,213.1,723.56901,-223.68213,32.33,23.38
2007-09-03,-136.88,-55.12,-59.57396,-57.6824,32.64,23.38
2007-09-04,226.38,-22.83,201.15689,-63.12901,33.01,22.78
2007-09-05,-533.78,-105.41,-517.36607,280.50254,32.7,24.58
2007-09-06,554.1,151,516.01984,-398.5144,32.65,23.99
2007-09-07,50.39,-58.21,-15.01013,125.76395,31.84,26.23
2007-09-10,-220.28,140.99,-16.80915,-168.63754,36.44,27.38
2007-09-11,18.69,135.68,169.98432,-247.07542,33.75,25.27
2007-09-12,-315.8,14.37,-186.391,2.13337,33.65,24.96
2007-09-13,36.75,176,441.69876,-387.54716,34.93,24.76
2007-09-14,317.99,29.19,425.44486,-260.72955,32.01,24.92
2007-09-17,-86.26,-25.81,-28.72419,-128.63037,31.91,26.48
2007-09-18,-212.07,98.3,-172.18282,-134.63061,34.32,20.35
2007-09-19,902.72,92.03,1045.79925,-347.85907,28.43,20.03
2007-09-20,356.83,47.48,161.85087,180.65543,26.32,20.45
2007-09-21,129.98,53.77,22.51066,-201.0333,25.76,19
2007-09-27,338.52,140.79,144.04689,-93.80315,26.23,17
2007-09-28,-28.64,45.05,-88.24066,-15.46476,25.78,18
2007-10-01,394.16,0.69,201.45109,-69.0696,27.2,17.84
2007-10-02,329.24,112.47,104.11449,602.03949,28.35,18.49
2007-10-04,218.62,246.76,84.2983,-335.15603,30.26,18.44
2007-10-05,100,149.58,-186.30629,135.94133,30.2,16.91
2007-10-08,-185.41,-146.96,-190.33788,245.73476,30.31,17.46
2007-10-09,45.81,58.97,49.92231,-184.23188,30.67,16.12
2007-10-10,34.95,105.83,181.35129,20.68307,30.39,16.67
2007-10-11,91.06,272.34,227.48229,-368.47741,26.31,18.88
2007-10-12,-372.97,182.93,-398.74615,-63.31883,27,17.73
2007-10-15,-141.93,102.53,137.04563,-221.5426,27.26,19.25
2007-10-16,-37.97,157.39,132.6529,-428.86536,28.34,20.02
2007-10-17,-471.04,261.54,-3.44626,-451.83161,29.36,18.54
2007-10-18,-291.13,-64.71,165.7753,-250.71613,28.69,18.5
2007-10-19,-455.08,-68.04,-181.53291,-148.86316,29.64,22.96
2007-10-22,-270,215.94,247.07361,-137.9423,33.81,21.64
2007-10-23,-475.22,-130.77,-22.73016,-329.86666,31.04,20.41
2007-10-24,-346.8,-48.03,25.80561,200.49722,34.08,20.8
2007-10-25,304.81,7.88,211.49862,-37.01046,32.58,21.17
2007-10-26,534.99,-53.87,617.07757,-278.16646,32.65,19.56
2007-10-29,241.09,-264.51,-139.84186,95.06182,33.3,19.87
2007-10-30,283.8,-37.89,-175.52443,102.01545,33.95,21.07
2007-10-31,372.73,128.36,175.61931,-198.83209,34.05,18.53
2007-11-01,143.63,-66.6,-46.2869,54.04897,32.32,23.21
2007-11-02,-408.39,3.07,-217.4686,-200.34413,34.77,23.01
2007-11-05,-381.93,-57.07,-133.96186,-142.89263,34.46,24.31
2007-11-06,221.92,-77.53,604.41573,-586.24535,35.57,21.39
2007-11-07,176.26,-339.05,59.60375,10.56412,36.81,26.49
2007-11-08,-894.61,58.26,-575.1305,-377.61329,38.97,26.16
2007-11-09,281.71,5.33,736.00673,-849.83101,34.54,28.5
2007-11-12,-85.17,37.34,57.95724,-268.74966,38.31,31.09
2007-11-13,150.02,25.71,644.0877,-877.44101,36.02,24.1
2007-11-14,358.59,-187.58,523.77023,-645.54492,33.63,25.94
2007-11-15,383.3,-68.95,575.48775,-483.58622,34.35,28.06
2007-11-16,-338.02,57.5,205.18351,-474.67839,34.78,25.49
2007-11-19,-178.55,-0.61,135.20311,-223.56958,35.09,26.01
2007-11-20,248.15,15.86,394.25359,-710.16128,35.28,24.88
2007-11-21,-870.74,-14.22,-352.07357,-42.25916,38.85,26.84
2007-11-22,285.73,140.97,695.29578,-564.57762,37.33,26.84
2007-11-23,296.82,24.95,441.86735,-78.41734,37.76,25.61
2007-11-26,-343.03,-71.6,-98.2584,69.89753,36.02,28.91
2007-11-27,154.57,61.03,503.63897,-249.43778,35.81,26.28
2007-11-28,-93.98,-177.03,-166.93796,-81.25054,36.7,24.11
2007-11-29,806.35,-12.84,684.77052,-39.04621,34.73,23.97
2007-11-30,420.01,65.6,445.68142,40.70222,32.76,22.87
2007-12-03,-58.39,-50.85,-139.96594,4.52669,32.9,23.61
2007-12-04,198.65,-74.16,216.51192,-267.29739,31.51,23.79
2007-12-05,128.96,-91.37,228.75794,-206.39929,30.88,22.53
2007-12-06,506.2,-277.54,201.91791,112.55909,30.26,20.96
2007-12-07,48.21,-4.78,-122.88833,295.30408,31.32,20.85
2007-12-10,300.01,201.19,94.90258,-26.50068,31.83,20.74
2007-12-11,130.15,216.42,162.15636,-160.01435,31.51,23.59
2007-12-12,88.15,93.17,317.88279,-410.13268,30.08,22.47
2007-12-13,-1066.01,295.9,-529.97333,-25.16978,30.75,22.56
2007-12-14,5.52,-66.49,150.57219,-475.9298,30.07,23.27
2007-12-17,18.04,112.54,51.21236,-243.15552,31.59,24.52
2007-12-18,207.81,6.81,514.47485,-624.96375,30.43,22.64
2007-12-20,-278.4,-102.24,-81.77796,-135.08935,28.59,20.58
2007-12-21,593.82,-173.55,588.09341,-297.6379,26.84,18.47
2007-12-24,390.95,-147.02,242.59291,-36.44032,25.76,18.6
2007-12-26,213.99,-70.96,138.53986,-18.71671,25.47,18.66
2007-12-27,-26.17,83.74,219.29956,26.41544,25.13,20.26
2007-12-28,-208.97,94.5,45.81451,22.11495,25.13,20.74
2008-01-02,-538.73,22.13,-428.08195,65.85633,27.01,23.17
2008-01-03,-207.92,82.07,161.24892,-320.21925,26.11,22.49
2008-01-04,-222.79,26.16,59.36917,-99.43794,24.97,23.94
2008-01-07,-131.15,90.87,219.64773,-500.57802,27.66,23.79
2008-01-08,-51.31,48.31,312.23421,-369.45438,26.65,25.43
2008-01-09,-65.18,122.36,290.94488,-378.23707,25.95,24.12
2008-01-10,-411.36,-232.02,-219.49993,-77.33921,26.02,23.45
2008-01-11,-204.03,-92.22,-105.54173,-141.97544,26.5,23.68
2008-01-14,266.81,143.63,527.96557,-546.7692,27.06,22.9
2008-01-15,-101.08,94.84,349.16017,-345.48282,26.3,23.34
2008-01-16,288.59,354.08,871.31846,-1016.23407,28.34,24.38
2008-01-17,111.95,201.96,473.57001,-698.23296,27.58,28.46
2008-01-18,128.21,212.06,685.23686,-1005.60375,27.4,27.18
2008-01-21,-291.07,226.01,219.30502,-409.17362,29.43,27.18
2008-01-22,53.82,384.06,985.91194,-828.93964,44.6,31.01
2008-01-23,171.32,196.63,520.25725,-571.13185,35.94,29.02
2008-01-24,171.08,-23.53,411.53953,-403.23494,31.48,27.78
2008-01-25,107.1,59.69,232.78174,-99.0959,28.25,29.08
2008-01-28,-7.07,120.33,173.93808,-268.6109,33.96,27.78
2008-01-29,390.34,16.22,347.75241,-408.52794,32.08,27.32
2008-01-30,36.96,166.28,180.46254,-89.34979,33.16,27.62
2008-01-31,-127.2,472.66,502.72621,-13.71152,31.39,26.2
2008-02-01,-266.8,-1.44,-163.80692,77.26983,29.71,24.02
2008-02-04,49.79,-66.76,116.49537,265.5603,29.05,25.99
2008-02-05,106.89,0.32,315.44674,-167.97148,28.4,28.24
2008-02-11,-249.77,191.93,211.55801,-505.67669,32.99,27.6
2008-02-12,-157.3,-47.19,191.61264,-427.40048,31.93,26.33
2008-02-13,-172.62,21.05,26.29625,-252.39501,33.25,24.88
2008-02-14,275.25,219.51,717.25797,-249.27329,31.68,25.54
2008-02-15,-184.22,-32.84,62.94067,-77.76437,30.44,25.02
2008-02-18,23.01,-9.5,90.48728,-149.47964,29.64,25.02
2008-02-19,239.3,-14.71,303.3434,-177.94334,28.76,25.59
2008-02-20,-397.06,61.82,-371.78648,63.01975,31.53,24.4
2008-02-21,172.89,102.95,236.7865,-239.56538,30.42,25.12
2008-02-22,-287.97,-33.05,-160.46976,-239.84629,31.26,24.06
2008-02-25,285.47,3.16,477.3589,-259.10473,30.79,23.03
2008-02-26,-104.21,56.1,-67.8447,148.897,30.21,21.9
2008-02-27,87.07,-52.5,134.59539,56.74525,28.89,22.69
2008-02-28,-139.46,-28.28,-0.93983,147.41481,28.76,23.53
2008-02-29,-461.22,-74.88,-366.52344,-21.28982,29.21,26.54
2008-03-03,-336.3,-47.61,-22.95698,-238.10848,30.99,26.28
2008-03-04,-174.55,-59.8,66.04232,-342.56995,30.18,25.52
2008-03-05,25.83,63.44,229.36106,-323.4371,30.88,24.6
2008-03-06,254.99,59.15,408.09422,-148.18114,29.1,27.55
2008-03-07,-345.87,43.44,-42.43391,-336.57381,30.99,27.49
2008-03-10,190.77,276.41,337.62789,-257.00587,32.86,29.38
2008-03-11,-72.25,322.8,281.38468,-430.39371,32.48,26.36
2008-03-12,137.23,171.74,383.27901,-112.58098,29.97,27.22
2008-03-13,61.29,-20.9,321.12474,-772.81539,33.86,27.29
2008-03-14,70.86,-80.45,150.92315,-282.43286,32.6,31.16
2008-03-17,291.08,108.68,546.92867,-646.45574,38.96,32.24
2008-03-18,164.4,-66.17,385.13053,-419.60712,37.12,25.79
2008-03-19,-90.46,198.02,-179.39878,532.87091,31.86,29.84
2008-03-20,-24.25,175.94,25.81466,-71.07201,30.76,26.62
2008-03-21,-56.06,8.03,33.83231,79.69948,27.65,26.62
2008-03-24,2.31,-5.8,54.16927,44.90639,28.84,25.73
2008-03-25,-106.52,63.72,-101.09034,447.79164,27.8,25.72
2008-03-26,-100.84,-16.03,-139.58927,98.70601,27.73,26.08
2008-03-27,128.11,73.48,195.84972,-214.38181,27.68,25.88
2008-03-28,210.85,32.3,206.16923,140.59365,26.2,25.71
2008-03-31,-301.21,432.45,-247.85499,201.27913,27.05,25.61
2008-04-01,-147.39,87.59,-60.62628,25.57904,27.47,22.68
2008-04-02,216.68,-59.67,198.50091,238.94025,26.38,23.43
2008-04-03,503.12,-135.67,257.13808,-15.44542,26.93,23.21
2008-04-04,92.51,-18.76,91.1706,80.41472,27.51,22.45
2008-04-07,473.25,10.79,487.54676,-165.69708,28.29,22.42
2008-04-08,-264.77,127.25,-264.48053,71.29325,28.56,22.36
2008-04-10,-137.55,348.17,190.98708,-440.44628,26.54,21.98
2008-04-11,140.09,-11.25,558.61034,-509.10119,25.19,23.46
2008-04-14,-292.45,163.71,-202.94026,-107.86235,26.46,23.82
2008-04-15,71.98,18.66,141.96436,-371.18774,25.86,22.78
2008-04-16,369.61,22.87,371.12214,-255.02874,25.3,20.53
2008-04-17,-14.28,-25.16,88.43841,157.43738,24.07,20.37
2008-04-18,215.62,33.45,293.00566,-277.88828,24.06,20.13
2008-04-21,-97.4,166.06,-54.29546,326.2027,23.29,20.5
2008-04-22,148.82,-35.12,-36.49657,28.63997,23.81,20.87
2008-04-23,287.48,-9.36,273.23713,-198.21033,23.4,20.26
2008-04-24,-269.13,-5.89,-186.10489,125.35169,23.64,20.06
2008-04-25,337.88,10.61,185.45854,94.58916,22.61,19.59
2008-04-28,-85.43,48.61,-409.77583,282.6356,23.17,19.64
2008-04-29,43.23,-19.62,-118.88275,58.52411,22.41,20.24
2008-04-30,43.43,146.74,308.72744,-314.86216,22.04,20.79
2008-05-02,139.28,65.75,81.46367,122.25595,21.79,18.18
2008-05-06,97.33,49.31,238.84472,-34.1501,21.17,18.21
2008-05-07,119.96,-38.61,131.31515,-21.1548,21.16,19.73
2008-05-08,232.2,-6.04,204.37369,-332.91058,20.59,19.4
2008-05-09,-707.91,39.31,-582.53582,125.5881,21.49,19.41
2008-05-13,207.21,-59.43,97.29398,51.19161,20.41,17.98
2008-05-14,-87.59,-17.29,-128.17658,-2.40723,20.88,17.66
2008-05-15,295.96,-84.38,394.3316,321.67028,20.74,16.3
2008-05-16,128.53,-168.16,-334.67482,447.33515,20.86,16.47
2008-05-19,299.98,62.28,-67.53345,-57.06842,22.31,17.01
2008-05-20,-47.89,42.27,-68.57143,-197.75969,22.7,17.58
2008-05-21,59.91,86.94,-254.74565,139.46106,23.84,18.59
2008-05-22,-364.92,125.04,-224.0353,-177.95084,23.6,18.05
2008-05-23,-367.19,-45.83,-204.10817,27.55196,23.38,19.55
2008-05-26,197.25,50.82,78.06229,-132.5581,24.52,19.55
2008-05-27,-91.2,54.51,122.60326,-20.57658,23.6,19.64
2008-05-28,-517.84,63.8,-433.87185,353.93182,23.99,19.07
2008-05-29,543.22,-14.46,524.38554,75.69726,23.13,18.14
2008-05-30,-11.97,316.4,-41.66214,233.47413,23.06,17.83
2008-06-02,-352.25,51.96,-180.90788,117.51663,23.63,19.83
2008-06-03,-64.39,75.91,-80.47374,-165.3855,24.54,20.24
2008-06-04,199.58,21.9,277.5014,-216.58666,23.88,20.8
2008-06-05,-314.64,71.02,-197.42397,122.64826,23.13,18.63
2008-06-09,-231.54,97.87,147.42738,-159.3155,25.03,23.12
2008-06-10,-303.05,-17.75,-38.57908,-276.30747,26.03,23.18
2008-06-11,46.26,-0.9,107.88698,-307.81005,24.78,24.12
2008-06-12,-173.52,-288.35,413.97488,-968.98956,25.6,23.33
2008-06-13,-42.21,169.86,337.19624,-341.7014,24.11,21.22
2008-06-16,-20.61,-36.56,-11.92756,-62.05389,22.04,20.95
2008-06-17,217.15,29.69,106.05877,-195.28994,21.89,21.13
2008-06-18,302.06,24.12,326.23882,-217.86185,21.63,22.24
2008-06-19,-175.36,-72.99,-47.10154,-257.75451,22.93,21.58
2008-06-20,18.6,-20.2,59.871,-187.09663,22.81,22.87
2008-06-23,114.67,93.45,337.59395,-401.02612,23.35,22.64
2008-06-24,100.3,-43.14,244.45594,-369.18896,23.46,22.42
2008-06-25,242.36,102.37,277.8546,-302.172,23.7,21.14
2008-06-26,-60.1,87.61,41.46101,-19.29017,23.5,23.93
2008-06-27,107.99,230.56,393.2305,-411.34328,24.71,23.44
2008-06-30,292.78,270.95,431.27447,-149.08936,25.15,23.95
2008-07-01,229.32,29.15,259.08142,-148.30331,24.87,23.65
2008-07-02,374.02,263.75,586.01649,-421.87595,24.94,25.92
2008-07-03,254.28,321.04,689.61369,-443.48045,25.35,24.78
2008-07-04,40.57,87.5,209.6756,-265.7667,25.09,24.78
2008-07-07,349.12,258.11,272.2756,-116.73235,25.1,25.78
2008-07-08,137.37,248.06,352.19013,-262.98744,26.55,23.15
2008-07-09,73.04,-61.48,130.82165,-181.35008,25.93,25.23
2008-07-10,-240.09,507.6,280.48677,-261.12036,25.79,25.59
2008-07-11,-337.5,-54.22,212.86729,-327.82822,24.67,27.49
2008-07-14,-61.95,-32.85,93.75416,-226.05555,26.3,28.48
2008-07-15,247.23,62.76,79.16556,-247.43391,28.1,28.54
2008-07-16,437.74,28.91,267.78186,-437.41916,28.71,25.1
2008-07-17,-63.53,-63.48,-60.45479,-133.75808,26.41,25.01
2008-07-18,-42.98,35.19,56.14053,-180.47569,27.09,24.05
2008-07-21,591.39,111.7,551.13286,-205.64139,26.58,23.05
2008-07-22,117.58,56.34,211.72002,-200.12975,26.75,21.18
2008-07-23,276.43,-2.42,410.55922,-279.32454,24.6,21.31
2008-07-24,374.24,305.65,115.97087,166.15203,24.11,23.44
2008-07-25,200.89,237.36,74.14351,-181.28735,25.29,22.91
2008-07-28,153.26,125.63,30.10387,-260.16027,25.49,24.23
2008-07-29,-311.66,-24.63,-139.69808,-152.20753,25.64,22.03
2008-07-30,112.22,74.51,226.05948,-260.96527,24.53,21.21
2008-07-31,35.64,278.83,73.15695,84.6969,23.82,22.94
2008-08-01,-122.37,94.08,-19.48221,-114.74836,24.62,22.57
2008-08-04,-217.79,99.27,-238.43788,-95.33561,25.87,23.49
2008-08-05,434.75,160.91,607.2012,-573.04699,25.61,21.14
2008-08-06,59.65,113.92,255.63213,-78.60757,24.59,20.23
2008-08-07,-315.72,121.59,-62.58064,35.65314,25,21.15
2008-08-08,-140.78,291.52,68.32112,-39.71539,24.73,20.66
2008-08-11,183.51,111.35,322.2471,-117.14246,25.56,20.12
2008-08-12,-126.24,121.93,87.31783,160.6066,25,21.17
2008-08-13,-217.59,82.55,-213.67844,-5.62381,24.81,21.55
2008-08-14,-67.85,211.47,-55.75705,62.55243,23.21,20.34
2008-08-18,-161.43,50.66,-79.43419,3.17167,22.41,20.98
2008-08-19,-48.95,130.46,159.47653,-366.59929,23.94,21.28
2008-08-20,227.48,6.93,263.71988,-432.35251,23.92,20.42
2008-08-21,-143.42,104.21,11.4732,-155.72533,24.45,19.82
2008-08-22,109.29,201.29,316.15963,-276.01564,24.39,18.81
2008-08-25,186.48,111.7,225.42605,-99.07846,25.56,20.97
2008-08-26,490.41,169.56,455.04432,-327.56026,25.4,20.49
2008-08-27,285.64,274.32,457.88619,-287.05245,25.37,19.76
2008-08-28,-186.32,135.79,19.22495,-54.43091,25.33,19.43
2008-08-29,395.23,192.01,453.86273,-239.07531,25.66,20.65
2008-09-01,535.26,447.47,389.32778,-27.67208,26.79,20.65
2008-09-02,646.09,473.6,677.29064,-252.63959,26.65,21.99
2008-09-03,2.6,140.58,142.04201,-8.0185,26.39,21.43
2008-09-04,-123.58,43.09,112.59243,-301.50352,25.83,24.03
2008-09-05,-318.61,87.32,147.55225,-252.5909,26.25,23.06
2008-09-08,-301.55,-61.08,130.24978,9.7486,25.99,22.64
2008-09-09,-336.49,-49.95,-24.35889,-206.23528,26.85,25.47
2008-09-10,178.58,3.17,537.09305,-551.25217,27.69,24.52
2008-09-11,-797.25,-115.94,-628.43556,113.52935,28.33,24.39
2008-09-12,157.13,55.82,537.76527,-392.78006,28.36,25.66
2008-09-16,359.78,-0.95,865.72152,-605.4222,37.42,30.3
2008-09-17,-189.23,676.47,-182.03447,115.86542,33.82,36.22
2008-09-18,-47.73,193.78,142.40841,-498.2751,37.6,33.1
2008-09-19,626.26,347.37,562.61275,247.13433,35.58,32.07
2008-09-22,80.3,266.8,166.36256,214.62814,35.23,33.85
2008-09-23,100.68,193.41,321.64592,-282.33797,34.92,35.72
2008-09-24,230.73,129.76,-33.77091,42.24452,34.28,35.19
2008-09-25,30.62,113.12,100.93147,-231.82728,33.69,32.82
2008-09-26,15.12,157.01,-75.23971,-167.86945,34.11,34.74
2008-09-29,-438.94,615.13,-847.61055,469.99957,35.14,46.72
2008-09-30,-274.62,483.34,179.68648,-104.37275,36.78,39.39
2008-10-01,-258.39,32.53,-243.20439,-107.30506,34.01,39.81
2008-10-02,205.29,214.92,99.41894,-324.34591,36.08,45.26
2008-10-06,-18.64,226.49,-158.92744,-248.03769,39.34,52.05
2008-10-07,287.9,177.75,121.00394,-108.58979,40.56,53.68
2008-10-08,-82.29,47.6,-109.57449,-44.68783,50.64,57.53
2008-10-09,-17.08,-16.32,100.47777,-84.50007,47.52,63.92
2008-10-10,-435.28,108.92,109.79706,-400.96701,62.73,69.95
2008-10-13,333.32,-105.17,388.34467,-518.6773,54.81,54.99
2008-10-14,45.18,102.13,-59.39837,139.56484,48.87,55.13
2008-10-15,188.43,196.9,206.3326,-442.68481,49.62,69.25
2008-10-16,177.79,207.61,49.75938,-619.75261,72.62,67.61
2008-10-17,98.34,220.17,-88.39755,-494.3365,72.33,70.33
2008-10-20,376.69,223.31,403.59857,-347.50873,64.29,52.97
2008-10-21,-319.28,-21.68,-119.74327,-10.77165,55.73,53.11
2008-10-22,-95.5,142,21.20372,-356.94653,61.17,69.65
2008-10-23,-262.64,180.48,-37.22314,-99.15229,68.63,67.8
2008-10-24,-14.07,164.23,354.34741,-274.98415,77.12,79.13
2008-10-27,-279.4,327.51,672.43817,-317.87263,84.43,80.06
2008-10-28,-201.74,-206.44,298.30786,-282.10934,70.51,66.96
2008-10-29,-203.48,-154.55,-2.06032,8.15735,89.3,69.96
2008-10-30,5.88,83.01,177.74723,27.20614,83.57,62.9
2008-10-31,43.89,210.27,-59.92407,321.45349,81.27,59.89
2008-11-03,128.88,174.85,-164.79868,-44.41274,76.46,53.68
2008-11-04,412.81,60.8,335.05621,-450.72036,65.08,47.73
2008-11-05,252.07,110.5,147.55855,67.06371,59.72,54.56
2008-11-06,160.14,235.96,128.91167,-282.99454,70.15,63.68
2008-11-07,-176.95,171.22,24.04096,-27.62319,69.5,56.1
2008-11-10,93.62,93.91,195.23123,8.89836,66.96,59.98
2008-11-11,231.2,-16.38,132.42842,-97.59887,70.45,61.44
2008-11-12,348.31,70.57,235.9138,-178.35452,68.8,66.46
2008-11-13,-123.47,57.98,-55.56645,-360.5494,81.04,59.83
2008-11-14,-121.47,-14.48,-287.50736,-136.72567,73.12,66.31
2008-11-17,54.11,96.88,-19.41383,-102.86322,73.75,69.15
2008-11-18,-227.03,133.64,-197.83573,-164.22674,73,67.64
2008-11-19,-121.48,-4.6,-11.19461,-244.33543,75.75,74.26
2008-11-20,-3.27,73.18,59.39208,-87.87104,84.39,80.86
2008-11-21,-69.45,91.1,57.73848,6.33992,74.03,72.67
2008-11-24,-97.03,-125.49,-48.05618,-83.37323,74.08,64.7
2008-11-25,181.01,27.22,102.19467,-52.42232,68.34,60.9
2008-11-26,159.15,72.02,199.70089,118.52815,64.74,54.92
2008-11-27,16.46,147.14,256.82326,193.90771,58.74,54.92
2008-11-28,185.31,209.28,198.54054,275.59155,57.79,55.28
2008-12-01,-136.01,2.44,-64.37072,33.83258,57.58,68.51
2008-12-02,-90.53,65.65,-52.75587,-9.62774,59.36,62.98
2008-12-03,-102.76,-149.59,-191.61914,-143.74194,56.48,60.72
2008-12-04,-64.32,72.43,-149.85823,-9.85622,58,63.64
2008-12-05,323.19,51.54,248.70444,-6.2399,56.7,59.93
2008-12-08,454.08,42.95,653.64497,114.60555,57.35,58.49
2008-12-09,-58.23,95.36,29.11637,199.16401,56.65,58.91
2008-12-10,254.56,266.26,456.01631,336.00056,54.4,55.73
2008-12-11,-75.1,301.87,383.40022,-115.17393,57.37,55.78
2008-12-12,1.08,23.4,-329.59175,11.46125,64.79,54.28
2008-12-15,260.19,80.68,175.66994,97.4856,64.44,56.76
2008-12-16,-43.67,1.51,-109.52229,-59.6431,64.58,52.37
2008-12-17,-14.38,84.15,-201.12041,130.29571,61.87,49.84
2008-12-18,306.29,284.22,166.33535,7.93513,58.18,47.34
2008-12-19,27.48,151.34,15.74456,233.1524,54.81,44.93
2008-12-22,-47.85,-45.09,-151.66236,18.94223,52.92,44.56
2008-12-23,33.3,86.1,-70.69085,-65.88169,51.56,45.02
2008-12-24,-7.81,4.22,-30.39295,-101.40193,50.07,44.21
2008-12-26,-124.27,63.26,-41.57909,-53.37617,48.85,43.38
2008-12-29,-152.76,137.18,62.36492,45.08808,47.96,43.9
2008-12-30,145.01,153.93,293.92295,191.70192,48.61,41.63
2009-01-02,-126.66,51.19,93.09574,64.33303,47.88,39.19
2009-01-05,-333.27,-64.58,-82.86416,334.13768,47.7,39.08
2009-01-06,446.65,-13.5,383.01416,368.36797,44.62,38.56
2009-01-07,-246.46,66.14,28.06724,560.63922,42.53,43.39
2009-01-08,-216.59,55.15,-56.89993,-132.55168,46.65,42.56
2009-01-09,-31.52,52.99,-164.65139,-85.41723,44.5,42.82
2009-01-12,-46.82,60.55,-108.82393,-99.16361,45.95,45.84
2009-01-13,-233.38,22.4,-236.187,31.11358,45.26,43.27
2009-01-14,-1.22,-51.08,-3.72087,10.24814,43.43,49.14
2009-01-15,-429.39,-138.63,-385.28794,-178.24975,51.92,51
2009-01-16,158.08,-115.18,71.16696,-307.56417,48.71,46.11
2009-01-19,-120.73,30.45,-32.18688,162.91228,46.63,46.11
2009-01-20,-278.08,-21.9,-127.51446,-61.8378,50.81,56.65
2009-01-21,-83.44,-82.65,-47.27797,-242.85338,53.17,46.42
2009-01-22,-25.04,-72.5,-135.97187,-63.59645,50.75,47.29
2009-01-23,-100.28,-64.92,-123.17085,-147.33458,53.05,47.27
2009-01-28,275.02,128.76,563.76605,140.75033,48.93,39.66
2009-01-29,131.73,144.91,295.20025,375.75797,46.81,42.63
2009-01-30,-27.2,76.9,223.33292,39.01972,48.21,44.84
2009-02-02,-278.5,-71.67,-350.52016,229.63702,51.73,45.52
2009-02-03,-105.99,10.99,-78.81928,235.58844,49.76,43.06
2009-02-04,295.28,36.6,396.63702,223.05845,46.61,43.85
2009-02-05,26.83,4.12,-78.60431,272.04429,47.26,43.73
2009-02-06,229.06,-60.3,54.37396,97.95488,45.07,43.37
2009-02-09,201.69,-6,-39.9246,47.54048,47.1,43.64
2009-02-10,257.15,-119.42,159.88385,-216.70009,47.33,46.67
2009-02-11,-145.82,-99.32,-33.41991,-110.03922,48.07,44.53
2009-02-12,-524.6,-61.92,-459.29339,-210.58021,47.33,41.25
2009-02-13,170.86,-14.94,184.1871,-128.45012,43.74,42.93
2009-02-16,-14.38,-76.31,-273.83208,-14.84784,44.73,42.93
2009-02-17,-166.24,-89.98,-305.73566,-174.75329,48.82,48.66
2009-02-18,-279.7,-42.15,-329.1219,-172.17481,49.26,48.46
2009-02-19,-381.5,-139.61,-230.29864,-134.01932,46.81,47.08
2009-02-20,-92.39,-104.85,13.54389,-357.155,49.94,49.3
2009-02-23,-112.19,-27.35,-4.42402,-12.07367,47.75,52.62
2009-02-24,-181.11,-121.3,44.01507,-298.8267,49.1,45.49
2009-02-25,-105.49,-62.5,-172.56685,-48.68584,47.31,44.67
2009-02-26,57.78,-10.31,-15.306,-98.76135,47.43,44.66
2009-02-27,-204.68,-19.93,88.01226,-3.47674,47.36,46.35
2009-03-02,-325.5,-274.48,2.21134,-408.66685,45.06,52.65
2009-03-03,110.51,-12.63,254.44011,-176.84909,46.16,50.93
2009-03-04,13.61,-122.95,225.19609,-177.60036,44.64,47.56
2009-03-05,-87.64,-102.16,-59.77957,67.53345,43.81,50.17
2009-03-06,164.24,106.83,146.86344,-36.74726,45.73,49.33
2009-03-09,21.37,-57.11,-31.08878,-59.69893,43.85,49.68
2009-03-10,59.36,154.43,179.05108,177.00118,42.24,44.37
2009-03-11,254.72,149.6,135.68632,558.33456,41.08,43.61
2009-03-12,662.82,75.5,942.81004,-714.93126,41,41.18
2009-03-13,196.33,76.45,-42.07964,-52.70047,39.83,42.36
2009-03-16,31.61,-3.42,-56.9574,-54.27053,41.28,43.74
2009-03-17,316.37,176.57,593.46196,26.62248,40.34,40.8
2009-03-18,75.12,44.07,91.03077,25.79886,40.38,40.06
2009-03-19,310.4,31.97,-56.60876,44.18311,41.26,43.68
2009-03-20,189.84,142.64,52.6147,101.88546,41.11,45.89
2009-03-23,109.45,142.38,108.88131,213.507,41.06,43.23
2009-03-24,-89.79,-124.74,-191.83183,381.83017,39.18,42.93
2009-03-25,109.48,54.8,-22.99548,9.25967,38.2,42.25
2009-03-26,59.15,38.79,54.78108,58.98059,36.66,40.36
2009-03-27,-39.01,57.5,-319.71768,334.74228,35.9,41.04
2009-03-30,82.75,-31.91,-126.22415,-107.25734,40.13,45.54
2009-03-31,137.45,69.01,58.39471,-165.94353,39.56,44.14
2009-04-01,-70.31,86.35,118.34592,73.90926,38.84,42.28
2009-04-02,171.33,-17,446.75481,356.95984,37.86,42.04
2009-04-03,-13.08,6.89,39.84164,473.19647,38.76,39.7
2009-04-06,48.26,-49.81,-90.30436,261.85355,38.8,40.93
2009-04-07,154.6,-74.92,-49.37667,-116.11556,37.28,40.39
2009-04-08,-2.68,30.9,-273.63812,-328.09157,39.48,38.85
2009-04-09,107.77,74.82,-265.85423,288.42484,35.59,36.53
2009-04-10,27.32,-261.75,-484.03741,411.89019,35.39,36.53
2009-04-13,-105.6,-60.55,-531.30887,397.25496,36.94,37.81
2009-04-14,-234.64,-104.39,-376.31521,126.40246,36.51,37.67
2009-04-15,-30.38,-12.99,-195.56161,-110.91829,36.16,36.17
2009-04-16,-261.76,-55.54,-579.81273,478.6026,36.25,35.79
2009-04-17,-268.68,-93.56,-642.79849,479.8924,35.49,33.94
2009-04-20,-74.11,-59.93,-461.14956,240.2549,36.15,39.18
2009-04-21,46.76,14.07,-153.42258,-82.34837,36.4,37.14
2009-04-22,-219.19,-232.07,-326.0515,188.31383,35.01,38.1
2009-04-23,112.51,-82.58,-167.81438,157.44527,33.39,37.15
2009-04-24,44.45,1.22,-286.07135,136.124,33.19,36.82
2009-04-27,-80.04,-68.15,-285.96748,-67.65725,35.48,38.32
2009-04-28,402.48,86.49,-95.79622,-26.68739,38.2,37.95
2009-04-29,186.46,-6.27,138.48455,138.48058,36.33,36.08
2009-04-30,150.5,215.32,189.22469,573.72384,34.57,36.5
2009-05-04,-244.74,-74.74,-375.29324,402.88202,35.62,34.53
2009-05-06,-350.64,-202.06,-496.86674,306.79563,35.3,32.45
2009-05-07,10.66,-38.8,-439.46164,226.56842,34.55,33.44
2009-05-08,198.98,-34.06,-250.39511,440.32286,33.59,32.05
2009-05-11,-299.51,-184.21,-476.00851,276.69611,34.24,32.87
2009-05-12,327.37,-29.52,-80.68673,2.41705,33.68,31.8
2009-05-13,146.9,-26.45,-7.4467,-51.25562,31.21,33.65
2009-05-14,-363.31,-1.98,-557.44044,-77.36355,32.24,31.37
2009-05-15,-37.05,-218.83,-273.23638,21.79933,29.48,33.12
2009-05-18,-223.92,-135.93,-452.75722,170.85499,31.48,30.24
2009-05-19,-194.16,-102.9,-137.73492,423.89063,30.7,28.8
2009-05-20,-74.73,35.2,-290.78316,518.30523,28.67,29.03
2009-05-21,141.2,-44.7,-298.76004,42.62394,29.94,31.35
2009-05-22,55.89,-23.58,-299.12769,65.58745,31.63,32.63
2009-05-25,-251.57,-222.1,-469.65073,210.74878,33.56,32.63
2009-05-26,-336.65,-224.6,-474.73205,156.94897,34.41,30.62
2009-05-27,-320.87,-11.25,-284.85965,327.61444,37.17,32.36
2009-05-28,-16.7,146.44,205.76683,251.62,33.99,31.67
2009-05-29,-177.41,-154.35,-273.01756,360.18267,33.42,28.92
2009-06-01,-262.63,-14.65,-159.26463,331.20853,33.33,30.04
2009-06-02,-225.79,-223.53,-338.58714,492.73959,33.45,29.63
2009-06-03,64.32,-161.41,110.21607,-93.74675,32.66,31.02
2009-06-04,-293.36,-151.64,-440.78902,-108.27816,32.56,30.18
2009-06-05,-138.65,-316.85,-270.86988,100.20967,32.95,29.62
2009-06-08,-20.58,-45.92,-94.75522,43.15621,30.41,29.77
2009-06-09,-148.08,-12.36,-408.50965,95.91553,30.46,28.27
2009-06-10,411.2,-2.09,275.58826,431.10474,29.31,28.46
2009-06-11,-27.17,70.52,-357.09232,701.65252,30.01,28.11
2009-06-12,-217.25,-208.11,-275.7147,247.40636,29.78,28.15
2009-06-15,-456.98,-73.84,-398.02078,-44.22829,31.29,30.81
2009-06-16,-155.49,17.22,-202.95161,-166.69819,31.62,32.68
2009-06-17,-93.84,-125.89,-206.78873,-149.66528,31.69,31.54
2009-06-18,-189.62,-19.17,-196.72513,-49.29638,32.08,30.03
2009-06-19,-47.01,11.47,-100.63881,25.90145,30.82,27.99
2009-06-22,-131.01,12.36,36.23741,18.02807,30.24,31.17
2009-06-23,-275.2,-108.13,-231.04816,-215.09528,31.74,30.58
2009-06-24,-81.55,-32.47,-61.36835,-76.76103,31.16,29.05
2009-06-25,319.62,178.8,79.18806,424.78661,29.54,26.36
2009-06-26,-47.89,-4.45,-314.9302,354.06697,28.26,25.93
2009-06-29,55.04,28.52,-13.13893,29.86513,28.27,25.35
2009-06-30,384.56,233.81,335.07043,58.38674,27.26,26.35
2009-07-01,119.77,51.44,31.87006,179.79549,25.98,26.22
2009-07-02,-341.42,-6.25,-325.46485,280.17907,26.09,27.95
2009-07-03,8.15,72.4,145.57856,78.01871,25.26,27.95
2009-07-06,-79.19,-44.58,4.33691,114.66586,26.24,29
2009-07-07,-25.63,-53.98,-97.26446,147.80149,25.51,30.85
2009-07-08,117.18,-60.32,-18.90973,-197.51835,25.43,31.3
2009-07-09,-239.37,18.6,-369.83449,312.19336,25.56,29.78
2009-07-10,17.88,-84.47,57.5442,-36.8738,24.39,29.02
2009-07-13,-98.46,-130.59,-164.9091,-226.67847,27.49,26.31
2009-07-14,-94.23,-214.36,-198.38911,-19.37965,26.23,25.02
2009-07-15,-46.17,16.2,-139.83385,473.30666,25.63,25.89
2009-07-16,63.59,-213.2,-35.60478,536.77896,25.37,25.42
2009-07-17,154.37,-158.83,123.60501,160.46788,24.95,24.34
2009-07-20,384.88,37.39,407.04379,515.29864,24.39,24.4
2009-07-21,75.88,-19.29,-119.18183,402.98289,24.12,23.87
2009-07-22,89.8,-87.56,-140.42469,315.70971,24.63,23.47
2009-07-23,364.41,209.96,98.98771,316.44151,24.53,23.43
2009-07-24,10.94,132.82,-23.40114,437.55888,24.66,23.09
2009-07-27,146.03,95.04,-4.38069,478.30384,25.88,24.28
2009-07-28,-145.16,5.04,-290.26235,490.15678,26.11,25.01
2009-07-29,50.35,20.65,-193.65531,287.03066,26.76,25.61
2009-07-30,-19.19,1.12,-303.06011,262.99732,26.69,25.4
2009-07-31,30.52,-11.41,-4.615,543.31221,25.62,25.92
2009-08-03,-180.21,-65.34,-200.70817,386.9164,26.89,25.56
2009-08-04,-270.39,-42.06,-458.14495,541.66789,27.43,24.89
2009-08-05,-45.57,84.34,-33.3136,69.1415,26.83,24.9
2009-08-06,214.68,60.94,108.11488,15.13569,25.7,25.67
2009-08-07,-110.72,95.98,-107.96553,186.26218,24.76,24.76
2009-08-10,-161.66,-177.84,-449.54313,341.8001,25.72,24.99
2009-08-11,246.05,-46.79,40.26093,189.04326,25.06,25.99
2009-08-12,0.47,-62.98,-220.17616,-12.61073,26.38,25.45
2009-08-13,-416.83,-318.83,-606.59697,250.31199,24.75,24.71
2009-08-14,5.67,-56.99,-170.69623,369.64351,24.53,24.27
2009-08-17,-419.31,-212.15,-794.81488,122.56496,28,27.89
2009-08-18,368.19,17.27,161.33116,-170.55067,27.01,26.18
2009-08-19,-510.86,-47.01,-590.04017,200.0738,27.15,26.26
2009-08-20,253.32,-99.11,228.61915,-166.84151,26.11,25.09
2009-08-21,-196.35,-204.44,-527.80301,201.86437,25.2,25.01
2009-08-24,-28.8,-262.18,-275.09697,301.61013,24.34,25.14
2009-08-25,-95.61,-72.23,-438.75733,209.47803,24.74,24.92
2009-08-26,6.85,-72.65,-272.7189,209.33613,23.8,24.95
2009-08-27,-26.57,-3.8,-248.2603,218.47681,24.1,24.68
2009-08-28,-70.1,185.43,-129.00206,207.63115,23.09,24.76
2009-08-31,-182.29,-34.34,-210.3153,-27.68458,23.97,26.01
2009-09-01,299.31,-18.54,195.59278,20.9782,22.93,29.15
2009-09-02,66.83,-75.67,-13.64545,-286.74084,23.56,28.9
2009-09-03,165.56,-18.3,33.93447,-152.45384,23.71,27.1
2009-09-04,146.94,-7.41,-126.2736,7.42477,23.32,25.26
2009-09-07,-157.14,-90.75,-200.29362,31.10382,23.24,25.26
2009-09-08,161.12,-24.8,4.84373,73.99172,22.18,25.62
2009-09-09,-148.55,-121.37,-512.32123,90.45006,23,24.32
2009-09-10,102.29,296.26,302.16567,444.44818,22.47,23.55
2009-09-11,-90.64,50.06,-370.47213,589.82062,22.09,24.15
2009-09-14,54.92,73.62,-359.29347,204.11242,22.71,23.86
2009-09-15,-274.03,241.47,-380.28668,365.72758,22.21,23.42
2009-09-16,291.29,441.77,50.82888,896.67293,22.22,23.69
2009-09-17,224.04,450.95,-448.56444,779.73797,22.03,23.65
2009-09-18,-374.94,1062.53,-1103.5598,1418.54363,22.04,23.92
2009-09-21,-31.06,11.88,-319.59925,187.06474,22.32,24.06
2009-09-22,-300.73,278.66,-320.96076,523.71252,22.03,23.08
2009-09-23,-131.62,67.26,-286.28248,127.5995,22,23.49
2009-09-24,203.54,252.07,-209.27834,-88.40723,23.06,24.95
2009-09-25,-62.79,125.01,-292.05063,-148.02816,22.54,25.61
2009-09-28,-107.15,94.62,-235.38251,-124.94884,23.53,24.88
2009-09-29,307.44,-16.3,161.96507,-121.85668,23.03,25.19
2009-09-30,583.42,141.58,236.82873,-13.41903,22.85,25.61
2009-10-01,277.47,17.09,76.04836,-243.91472,23.82,28.27
2009-10-05,248.93,128.38,-4.78297,-336.7531,25.1,26.84
2009-10-06,71.63,21.15,-103.33714,-31.28774,24.28,25.7
2009-10-07,313.41,-117.69,33.51545,105.36417,24.01,24.68
2009-10-08,-374.95,123.02,-188.10557,-11.5152,24.18,24.18
2009-10-09,-227.27,97.9,-91.04525,422.89135,21.95,23.12
2009-10-12,-119.33,27.04,-127.79287,-51.95536,22.56,23.01
2009-10-13,-184.5,-79.28,-249.16674,8.96075,22.45,22.99
2009-10-14,209.35,79.92,-65.82172,356.2495,22.59,22.86
2009-10-15,-122.48,37.14,-146.40051,549.09726,22.32,21.72
2009-10-16,5.85,113.49,-306.68354,408.60485,23.06,21.43
2009-10-19,-105.02,128.94,-159.82898,88.75206,23.28,21.49
2009-10-20,44.6,81.12,-44.38494,221.86825,22.43,20.9
2009-10-21,8.59,64.46,-43.26841,119.91332,22.5,22.22
2009-10-22,-62.92,32.25,-143.25321,-117.62502,23.5,20.69
2009-10-23,-133.83,224.72,-107.30561,218.28533,22.03,22.27
2009-10-26,351.08,-19.8,287.99722,184.52461,22.18,24.31
2009-10-27,-203.16,136.62,-292.30059,186.01305,22.26,24.83
2009-10-28,-110.41,143.49,-48.86616,-271.59967,24.16,27.91
2009-10-29,-154.53,67.43,107.77235,-472.87741,25.59,24.76
2009-10-30,-445.12,-23.35,-462.76863,128.21716,25.41,30.69
2009-11-02,94.34,251.42,-86.2066,142.24138,25.75,29.78
2009-11-03,-223.28,-83.5,-386.80911,183.6102,25.08,28.81
2009-11-04,-202.33,-26.03,-47.26025,106.95124,24.48,27.72
2009-11-05,-415,-22.41,-243.55703,-22.81107,25.34,25.43
2009-11-06,-101.92,53.82,8.29892,133.91143,23.67,24.19
2009-11-09,154.55,83.07,121.7082,124.59635,22.97,23.15
2009-11-10,-78.95,55.61,-35.07314,265.58354,22.88,22.84
2009-11-11,194.83,36.66,118.13012,-54.62621,22.02,23.04
2009-11-12,22.03,-265.83,-149.24852,-129.05779,22.52,24.24
2009-11-13,73.8,66.08,44.42272,-110.6444,22.44,23.36
2009-11-16,21.69,-20.39,113.21529,-13.95259,21.64,22.89
2009-11-17,-190.79,60.81,-200.30446,201.39514,21.89,22.41
2009-11-18,369.41,-37.59,397.91416,146.12985,21.04,21.63
2009-11-19,-75.67,577.3,-117.6343,672.66225,20.57,22.63
2009-11-20,93.43,160.33,39.12422,28.2404,20.68,22.19
2009-11-23,147.65,18.16,-108.24198,-21.10331,20.61,21.16
2009-11-24,36.04,110.7,-85.02925,250.15941,20.88,20.47
2009-11-25,150.1,34.44,59.85131,-68.68649,20.48,20.48
2009-11-26,-158.51,53.6,-121.94407,74.76216,19.91,20.48
2009-11-27,-47.25,-1.11,-53.11355,-210.11598,22.87,24.74
2009-11-30,-384.5,87.26,-275.94516,127.12511,21.94,24.51
2009-12-01,-161.64,81.59,31.42363,30.6489,20.89,21.92
2009-12-02,-238.65,93.39,-111.4778,376.83056,20.38,21.12
2009-12-03,258.92,95.79,320.37763,93.45552,19.78,22.46
2009-12-04,256.64,141.7,275.85675,234.47183,20.28,21.25
2009-12-07,-22.18,86.57,-46.82934,264.69845,20.33,22.1
2009-12-08,80.64,33.35,-98.54189,164.40312,20.28,23.69
2009-12-09,385.59,46.23,251.33599,-87.69892,20.95,22.66
2009-12-10,-647.09,1152.76,-88.93449,282.54209,20.71,22.32
2009-12-11,241.89,57.76,225.51871,123.12695,20.9,21.59
2009-12-14,240.32,60.7,75.92474,9.58667,21.39,21.15
2009-12-15,-120.99,85.03,-225.78239,165.20045,21.1,21.49
2009-12-16,251.92,-117.36,85.22796,-64.19332,20.82,20.54
2009-12-17,-38.93,-49.09,-172.60077,64.77121,21,22.51
2009-12-18,87.38,38.61,100.44128,-171.79197,20.33,21.68
2009-12-21,-17.94,-81.69,92.41057,-5.60278,20.6,20.49
2009-12-22,134.4,41.01,131.90946,114.14081,19.66,19.54
2009-12-23,110.67,40.34,216.48662,153.373,19.31,19.71
2009-12-24,366.49,357.97,377.93842,265.53964,19.09,19.47
2009-12-28,24.6,-197.36,-152.30442,-57.86375,20.37,19.93
2009-12-29,38.42,-45.48,-246.43928,102.59168,20.26,20.01
2009-12-30,130.54,173.39,164.19816,189.80604,20.35,19.96
2010-01-04,16.84,94.19,-8.10703,238.94391,20.94,20.04
2010-01-05,-223.8,-41.86,-222.38325,391.82427,20.6,19.35
2010-01-06,33.02,-8.37,-36.36726,350.83881,19.89,19.16
2010-01-07,-2.61,52.95,-85.6502,220.31456,19.81,19.06
2010-01-08,16.35,79.68,-74.47577,59.56984,19.45,18.13
2010-01-11,-42.13,-181.14,160.59138,-158.65246,19.22,17.55
2010-01-12,-140.57,-30.06,-43.81062,125.42604,18.83,18.25
2010-01-13,-140.86,-34.67,-250.51413,-141.42943,19.77,17.85
2010-01-14,217.28,-556.55,186.03625,-242.18092,19.57,17.63
2010-01-15,-173.97,-99.26,-170.14046,376.18846,18.19,17.91
2010-01-18,-136.09,-110.27,-61.14189,28.28457,18.53,17.91
2010-01-19,-101.35,0.17,-153.04172,44.97797,18.27,17.58
2010-01-20,-298.11,62.24,-291.7902,214.31648,18.06,18.68
2010-01-21,86.36,4.15,-73.90884,157.3893,18.13,22.27
2010-01-22,-458.7,-253.66,-330.8946,-490.58453,20.92,27.31
2010-01-25,-33.55,36.82,-183.30894,39.56566,21.98,25.41
2010-01-26,-344.74,2.01,-110.09723,-198.72775,23.3,24.55
2010-01-27,39.54,4.03,302.91797,-448.25662,24.11,23.14
2010-01-28,-227.33,-27.63,-117.91992,133.90962,22.35,23.73
2010-01-29,-128.34,165.56,18.99894,-81.33604,23.29,24.62
2010-02-01,-89.06,5.53,1.11123,-92.97472,23.13,22.59
2010-02-02,-404.97,10.56,-272.75177,33.51882,22.15,21.48
2010-02-03,-234.44,3.48,-151.79556,138.94043,20.51,21.6
2010-02-04,-308.62,-47.08,-61.28819,26.10969,20.82,26.08
2010-02-05,38.25,-40.62,225.76369,-298.95491,22.71,26.11
2010-02-08,-119.1,-27.23,99.45729,-214.83411,22.92,26.51
2010-02-09,-93.38,-114.62,-18.72993,-45.36401,23.71,26
2010-02-10,-452.85,-72.83,-162.62454,15.01804,22.97,25.4
2010-02-11,-132.07,211.07,242.14139,87.8251,22.68,23.96
2010-02-12,-515.09,-207.69,-167.43235,-41.3145,21.74,22.73
2010-02-16,91.67,26.17,92.5419,59.13932,21.11,22.25
2010-02-17,102.23,132.26,-5.92935,382.35378,19.58,21.72
2010-02-18,-26.96,70.4,-147.52055,188.79562,19.63,20.63
2010-02-19,-51.77,15.58,5.37029,33.76837,20.8,20.02
2010-02-22,319.41,164.45,272.59805,256.27661,20.15,19.94
2010-02-23,66.56,108.91,104.60744,49.91053,19.69,21.37
2010-02-24,-2.06,146.95,57.66618,-192.87892,20.01,20.27
2010-02-25,-129.07,21.66,-90.17041,-234.52061,21.06,20.1
2010-02-26,-16.07,109.1,123.6223,-168.40818,20.59,19.5
2010-03-02,78.55,212.2,-19.864,421.2263,19.54,19.06
2010-03-03,-24.5,24.35,150.0766,93.9487,19.24,18.83
2010-03-04,-78.19,99.35,-6.98478,136.17435,19.64,18.72
2010-03-05,217.89,123.25,187.48448,140.39335,18.76,17.42
2010-03-08,34.89,93.14,100.0787,501.52425,18.75,17.79
2010-03-09,64.8,87.73,-4.82007,318.7842,19.04,17.92
2010-03-10,243.85,99.89,62.67397,146.41731,19.21,18.57
2010-03-11,-168.73,325.3,238.54699,-186.14886,19,18.06
2010-03-12,135.58,160.82,-110.7364,239.95952,17.78,17.58
2010-03-15,22.95,21.22,-58.5464,56.79598,18.41,18
2010-03-16,168.85,123.97,-494.56411,395.88221,18.19,17.69
2010-03-17,354.25,190.46,-14.13068,656.54958,17.44,16.91
2010-03-18,-24.26,-34.4,-74.00728,293.84028,17.35,16.62
2010-03-19,41.1,-28.58,28.7681,285.33651,16.93,16.97
2010-03-22,-211.73,-8.78,-309.17358,43.80418,17.4,16.87
2010-03-23,71.81,10,-91.07231,191.92383,17.1,16.35
2010-03-24,34.2,-58.58,-204.55992,369.50623,17.2,17.55
2010-03-25,12.84,-4.49,-52.57861,206.04394,17.39,18.4
2010-03-26,-181.13,63.98,-84.71371,211.65076,17.2,17.77
2010-03-29,-0.75,44.77,-105.73199,326.51925,18.34,17.59
2010-03-30,-20.7,-72.67,-220.38072,355.06573,17.75,17.13
2010-03-31,5.11,-60.23,-64.35323,125.95106,17.68,17.59
2010-04-01,189.4,29.82,-45.50467,447.4578,17.34,17.47
2010-04-02,-115.52,-64.79,-572.56925,622.64515,16.47,17.47
2010-04-05,159.37,-34.89,-235.89063,251.94959,16.99,17.02
2010-04-06,86.91,58.67,-104.31926,148.47823,16.97,16.23
2010-04-07,331.4,232.67,-262.42795,478.72474,16.98,16.62
2010-04-08,107.59,262.01,-449.2496,446.66626,16.93,16.48
2010-04-09,-89.49,-41.28,-124.43221,622.34932,16.91,16.14
2010-04-12,46.82,-32.51,-128.12478,37.30348,17.64,15.58
2010-04-13,44.54,-32.36,-54.5567,-18.10441,17.2,16.2
2010-04-14,198.04,12.64,26.14896,208.14221,15.51,15.59
2010-04-15,-65.94,-78.37,-341.67691,517.04333,15.22,15.89
2010-04-16,-109.76,-67.84,-333.90364,184.53491,16.24,18.36
2010-04-19,20.27,21.08,-86.13095,-74.1016,18.63,17.34
2010-04-20,-142.59,49.23,-225.58902,-33.04097,17.66,15.73
2010-04-21,-0.5,81.9,98.60877,280.46078,17.01,16.32
2010-04-22,-263.7,-38.94,-298.84803,94.84601,17.28,16.47
2010-04-23,-52.77,-17.3,-128.26449,159.97582,17.54,16.62
2010-04-26,170.46,-76.49,47.03283,208.45681,17.64,17.47
2010-04-27,75.98,-73.34,-274.12577,121.27097,17.53,22.81
2010-04-28,-309.94,31.01,-347.78171,-42.92194,19.55,21.08
2010-04-29,-104.67,-24.8,-99.01304,58.69713,19.71,18.44
2010-04-30,36.36,341.28,-248.70327,439.97984,18.27,22.05
2010-05-03,164.61,230.71,-80.12393,-234.52454,20.45,20.19
2010-05-04,-111.7,160.2,-298.12771,-7.35712,19.22,23.84
2010-05-06,-136.95,328.98,371.96152,-743.99597,21.72,32.8
2010-05-07,-467.04,-32.31,712.97911,-1245.48573,26.45,40.95
2010-05-10,-182.88,-53.5,-90.69465,-327.90446,25.94,28.84
2010-05-11,-341.51,5.42,-215.19123,16.0234,25.03,28.32
2010-05-12,194.14,42.14,65.65981,-404.96814,24.9,25.52
2010-05-13,-72.51,51.85,40.15131,68.27452,21.7,26.68
2010-05-14,-134.31,-58.53,-34.71153,-206.40885,20.47,31.24
2010-05-17,-148.73,-170.66,-49.40355,-761.5326,23.85,30.84
2010-05-18,297.62,167.09,206.70494,-423.39863,23.9,33.55
2010-05-19,-257.88,47.07,155.54091,-598.95087,25.06,35.32
2010-05-20,28.32,66.05,187.23958,-387.06169,25.88,45.79
2010-05-24,-47.39,170.55,192.61073,-103.95588,27.21,38.32
2010-05-25,-402.2,323.52,583.10144,-582.95532,30.95,34.61
2010-05-26,-173.06,241.76,130.8267,-228.88772,29.5,35.02
2010-05-27,-360.28,-251.74,115.54417,-308.81929,26.09,29.68
2010-05-28,-322.35,-142.88,-105.04036,58.47507,23.89,32.07
2010-05-31,-3.04,173.4,-104.51582,174.40986,24.01,32.07
2010-06-01,1.2,-63.73,-30.43722,-69.72196,24.1,35.54
2010-06-03,102.19,171.59,18.31278,266.79883,21.85,29.46
2010-06-04,-67.97,35.09,52.08293,97.58725,21.8,35.48
2010-06-07,63.34,173.9,146.9563,-267.90318,24.72,36.57
2010-06-08,129.32,51,42.33353,-213.2629,23.93,33.7
2010-06-09,-10.05,1.64,-168.17167,-34.105,23.57,33.73
2010-06-10,114.9,26.22,134.35855,-259.71443,22.38,30.57
2010-06-11,126.91,152.99,48.95119,310.38284,20.52,28.79
2010-06-14,439.68,142.13,95.70173,304.69374,20.13,28.58
2010-06-15,63.34,122.52,82.45525,15.36542,19.84,25.87
2010-06-16,43.31,54.37,-55.03322,341.81407,19.11,25.92
2010-06-17,119.42,201.61,-36.86986,231.58316,19.47,25.05
2010-06-18,122.8,176.77,-74.83622,263.64183,19.45,23.95
2010-06-21,453.61,267.18,130.06576,295.40522,19.13,24.88
2010-06-22,181.68,-54.52,-157.948,-14.34659,19.22,27.05
2010-06-23,290.89,15.84,-18.2523,-32.47325,19.33,26.91
2010-06-24,180.43,75.94,102.87598,26.54401,18.75,29.74
2010-06-25,-30.94,198.36,73.32257,-152.33871,19.7,28.53
2010-06-28,89.35,69.06,130.8072,-138.29132,20.43,29
2010-06-29,258.35,126.18,6.95776,55.39103,22.15,34.13
2010-06-30,74.79,114.35,58.35874,-331.69581,21.9,34.54
2010-07-01,-327.53,65.12,-143.29239,-269.39887,22.03,32.86
2010-07-02,-95.8,1.55,-143.22543,-231.86834,22.47,30.12
2010-07-05,-70.09,-49.9,-45.56658,-63.96823,21.56,30.12
2010-07-06,-347.2,-133.87,234.71183,-335.63754,20.28,29.65
2010-07-07,-307.67,-70.53,105.4564,-390.75167,20.75,26.84
2010-07-08,47.79,13.84,229.41925,43.18765,19.63,25.71
2010-07-09,33.06,131.95,161.91613,311.95746,18.13,24.98
2010-07-12,-34.64,200.38,1.55416,337.96464,18.4,24.43
2010-07-13,402.84,188.19,92.86798,292.35436,18.09,24.56
2010-07-14,755.52,250.15,-29.33277,903.4212,18.16,24.89
2010-07-15,231.93,-69.94,-510.02061,483.87599,18.69,25.14
2010-07-16,267.2,87.95,-345.90615,301.23629,19.73,26.25
2010-07-19,-37.5,-62.14,-59.4833,-56.6294,21.15,25.97
2010-07-20,-170.56,-94.98,-160.51792,-18.89156,20.62,23.93
2010-07-21,-36.88,-52.59,-116.95898,247.34505,20.01,25.64
2010-07-22,137.96,72.94,-7.76117,3.1249,20.87,24.63
2010-07-23,-8.87,17.01,77.70534,224.52108,19.62,23.47
2010-07-26,-42.05,-6.81,63.65132,154.14746,19.79,22.73
2010-07-27,-42.58,-69.87,-522.08089,584.45157,19.64,23.19
2010-07-28,222.58,37.46,97.60468,133.31376,19.27,24.25
2010-07-29,134.11,165.8,-53.66866,159.5152,19.07,24.13
2010-07-30,148.54,64.16,-19.55706,89.48061,19.26,23.5
2010-08-02,165.19,75.14,106.30514,66.35436,18.55,22.01
2010-08-03,-0.8,22.22,-69.66003,304.41867,17.67,22.63
2010-08-04,-6.22,179.45,-315.41611,203.82479,17.64,22.21
2010-08-05,69.23,100.5,111.32378,-164.96568,17.65,22.1
2010-08-06,159.84,103.29,158.70371,-44.99332,17.55,21.74
2010-08-09,5.22,-13.21,-3.27449,62.57236,17.81,22.14
2010-08-10,-35.09,122.49,-154.82096,53.09876,18.34,22.37
2010-08-11,-146.43,123.9,-265.65865,-8.95425,19.38,25.39
2010-08-12,-284.47,-204.65,37.94577,-539.53519,20.35,25.73
2010-08-13,-279.42,-109.7,4.46595,-159.19308,18.59,26.24
2010-08-16,-293.9,-17.01,110.22325,-358.93207,18.71,26.1
2010-08-17,-15.93,58.9,237.10401,-137.54948,18.39,24.33
2010-08-18,-110.12,146.43,30.1229,143.81877,18.16,24.59
2010-08-19,220.58,87.81,246.28433,153.20607,17.77,26.44
2010-08-20,122.03,126.44,-187.92203,177.06244,18.25,25.49
2010-08-23,98.83,54.08,-141.95984,37.99718,18.59,25.66
2010-08-24,-78.01,-29.03,-158.79094,93.07263,18.9,27.46
2010-08-25,8.29,101.84,-0.03285,-202.21144,19.62,26.7
2010-08-26,-67.04,117.61,75.20205,-93.75136,19.11,27.37
2010-08-27,-283.66,86.27,-24.20869,-134.06096,18.65,24.45
2010-08-30,-9.71,21.9,163.44026,33.85958,17.9,27.21
2010-08-31,-127.8,62.75,-75.74183,-43.70119,18.79,26.05
2010-09-01,210.4,77.13,139.33413,-46.2158,18.01,23.89
2010-09-02,100.11,119.13,167.78694,93.49443,17.11,23.19
2010-09-03,183.2,230.18,-33.45327,235.60204,16.8,21.31
2010-09-06,59.56,81.54,-174.25358,357.07514,16.55,21.31
2010-09-07,-74.5,-20.24,-200.29483,239.45167,16.72,23.8
2010-09-08,34.63,-47.68,-178.73902,-48.04174,16.64,23.25
2010-09-09,92.4,1.06,130.26245,-307.47136,16.66,22.81
2010-09-10,306.83,230.71,1.53454,569.55791,15.87,21.99
2010-09-13,164.13,-54.28,-329.97229,685.06526,15.22,21.21
2010-09-14,10.53,-71.3,-435.5828,405.56037,15.65,21.56
2010-09-15,273.78,273.09,-211.12054,444.36932,15.49,22.1
2010-09-16,180.43,203.59,-33.7435,205.60241,15.9,21.72
2010-09-17,184.07,212.04,164.67358,272.84632,15.32,22.01
2010-09-20,-124.43,28.18,-112.05735,132.55041,16.27,21.5
2010-09-24,-32.2,237.41,-114.90733,101.47663,16.47,21.71
2010-09-27,50.93,50.7,-129.37148,131.32696,16.56,22.54
2010-09-28,23.2,-34.96,-83.9087,43.1487,16.55,22.6
2010-09-29,104.7,174.66,72.55107,362.72469,16.67,23.25
2010-09-30,18.37,324.46,-192.53592,421.32846,16.77,23.7
2010-10-01,103.03,214.07,-195.78371,464.4364,16.35,22.5
2010-10-04,-133.64,-37.42,-509.76664,652.33557,16.53,23.53
2010-10-05,208.76,195.77,-161.99857,238.13358,16.45,21.76
2010-10-06,-69.31,104.5,-191.47983,851.05982,16.2,21.49
2010-10-07,110.87,188.6,22.96201,116.14387,16.27,21.56
2010-10-08,203.19,69.55,-139.80809,174.42948,16.21,20.71
2010-10-11,94.87,144.85,-300.49635,217.8651,16.7,18.96
2010-10-12,-166.27,80.91,-181.18073,-177.80081,16.82,18.93
2010-10-13,-2.5,117.38,84.19296,-149.95256,16.5,19.07
2010-10-14,62.73,170.26,159.27201,155.49211,16.28,19.88
2010-10-15,113.89,10.92,176.50356,118.65889,16.43,19.03
2010-10-18,-257.21,97.17,-391.84292,44.35424,18.71,19.09
2010-10-19,-187.76,-115.03,-412.15371,132.21019,19.62,20.63
2010-10-20,-6.08,-4.98,154.89134,-198.57178,19.02,19.79
2010-10-21,-442.93,-65,-143.18839,6.40566,18.36,19.27
2010-10-22,87.54,170.15,93.52198,559.81386,17,18.78
2010-10-25,185.13,-105.64,-34.63212,501.78177,16.57,19.85
2010-10-26,-41.98,-9.75,-422.12318,446.98055,16.34,20.22
2010-10-27,-342.58,-77.62,-382.67488,84.39279,16.51,20.71
2010-10-28,-33.82,-68.45,-201.28344,60.55876,16.59,20.88
2010-10-29,-407.08,-439.31,-294.63186,-337.37049,18.6,21.2
2010-11-01,-22.51,5.35,96.75295,-6.20804,18.34,21.83
2010-11-02,-192.3,-117.06,-173.48956,12.54463,18.38,21.57
2010-11-03,148.62,-133.86,39.14752,190.80799,18.8,19.56
2010-11-04,24.81,-163.46,-319.46968,330.71836,18.67,18.52
2010-11-05,316.82,-6.05,-317.37447,797.61308,19.61,18.26
2010-11-08,134.46,-24.11,-232.35555,256.59717,19.3,18.29
2010-11-09,-12.14,-28.92,-41.39773,-31.56037,18.71,19.08
2010-11-10,104.83,122.73,-127.7935,438.45262,18.39,18.47
2010-11-11,-1803.6,872.24,873.69357,-1309.48328,20.54,18.64
2010-11-12,103.41,278.87,-498.37493,876.2435,20.68,20.61
2010-11-15,-51.43,88.58,-164.56542,221.94449,20.32,20.2
2010-11-16,-347.58,15.68,-350.58014,75.78957,20.58,22.58
2010-11-17,-185.46,-16.72,129.75821,-305.96404,20.37,21.76
2010-11-18,36.17,-25.33,190.92063,-156.9203,19.21,18.75
2010-11-19,-214.65,-6.04,-207.13,192.75427,18.43,18.04
2010-11-22,144.19,10.85,169.69734,201.64686,18.35,18.37
2010-11-23,-176.42,70.81,-224.2574,181.24148,19.29,20.63
2010-11-24,-79.85,15.71,489.88658,49.76765,19.93,19.56
2010-11-25,35.69,-279.38,147.94401,-170.60218,19.88,19.56
2010-11-26,300.02,199.83,333.22325,60.86172,22.49,22.22
2010-11-29,135.02,89.59,122.01101,-161.21807,23.36,21.53
2010-11-30,21.05,50.95,157.21768,-96.48979,22.76,23.54
2010-12-01,-53.77,34.24,74.12731,34.55232,21.73,21.36
2010-12-02,-117.94,-131.96,-160.00372,399.28397,19.8,19.39
2010-12-03,53.66,-225.86,-239.17011,353.91538,18.84,18.01
2010-12-06,19.94,-64.13,-181.98232,-15.65444,19.2,18.02
2010-12-07,99.16,-148.9,46.31083,80.23504,18.72,17.99
2010-12-08,-27.4,-102.13,-290.55137,263.80343,18.87,17.74
2010-12-09,647.78,-57.56,93.0388,334.90813,18.2,17.25
2010-12-10,42.59,-16.6,3.95803,-0.16244,17.5,17.61
2010-12-13,14.55,77.35,-87.49377,38.91469,16.95,17.55
2010-12-14,-200.13,51.25,-406.2675,544.99973,15.99,17.61
2010-12-15,-136.63,56.42,-504.6297,389.27692,15.85,17.94
2010-12-16,94.39,-36.41,-179.67566,50.82354,16.12,17.39
2010-12-17,34.72,-21.78,-10.40869,184.75979,15.99,16.11
2010-12-20,21.94,207.2,112.65604,183.59445,17.98,16.41
2010-12-21,109.8,-100.08,-299.51719,-31.15612,17.51,16.49
2010-12-22,-1.78,-187.69,-480.71641,354.70019,17.67,15.45
2010-12-23,146.19,73.03,-104.8337,138.58334,17.69,16.47
2010-12-24,122.07,-106.66,-100.0393,75.74633,18.1,16.47
2010-12-27,196.18,118.36,-91.22255,156.04589,18.1,17.67
2010-12-28,420.84,97.76,300.39363,242.33375,17.05,17.52
2010-12-29,-30.86,-114.13,-105.79449,-21.6689,16.19,17.28
2010-12-30,105.79,22.42,412.34514,-142.78866,15.83,17.52
2011-01-03,2.11,66.15,51.55964,309.47124,16.37,17.61
2011-01-04,-179.91,96.28,-128.96569,539.27032,15.7,17.38
2011-01-05,93.71,-38.15,-84.91356,129.70965,15.86,17.02
2011-01-06,-28.29,-169.27,-240.95002,340.25139,15.67,17.4
2011-01-07,125.3,-28.18,231.50316,-50.66806,15.41,17.14
2011-01-10,121.43,21.46,84.80056,-235.49102,16.24,17.54
2011-01-11,-53.88,198.43,16.49669,-101.01353,15.78,16.89
2011-01-12,-230.86,-175.83,-285.88016,326.53432,15.58,16.24
2011-01-13,-774.12,-477.59,-811.17351,145.24633,16.87,16.39
2011-01-14,-75.64,-241.33,5.93389,-143.61448,15.64,15.46
2011-01-17,-147.86,-309.06,-441.54132,-35.27916,16.55,15.46
2011-01-18,-152.4,26.2,-80.8181,-19.80896,16.79,15.87
2011-01-19,-29.04,-67.87,65.78603,-3.04017,15.57,17.31
2011-01-20,-112.2,-179.36,-193.25336,-133.96798,15.81,17.99
2011-01-21,-43.57,46,-68.62048,-295.27397,16.87,18.47
2011-01-24,-103.15,-63.6,196.45029,-125.10125,16.18,17.65
2011-01-25,63.99,-234.17,176.15691,76.01745,15.42,17.59
2011-01-26,-31.52,-56.95,195.75797,117.86399,14.62,16.64
2011-01-27,-185.39,-129.48,-334.08269,360.58188,14.57,16.15
2011-01-28,-62.06,-58.33,-106.37912,-156.07285,14.5,20.04
2011-01-31,44.66,-119.76,173.91669,-699.5841,16.3,19.53
2011-02-01,-105.94,-252.74,-77.3327,-141.60121,16.28,17.63
2011-02-07,-196.55,59.94,42.84601,7.05125,16.32,16.28
2011-02-08,-334.29,-102.2,-61.96956,-82.7436,16.95,15.81
2011-02-09,-53.34,-73.15,27.4345,-479.6032,17.84,15.87
2011-02-10,-56.32,-432.08,300.92504,-1097.18981,18.77,16.09
2011-02-11,-243.06,-158.01,270.40405,-617.27693,19.46,15.69
2011-02-14,-75.98,61.35,111.49697,31.20515,17.59,15.95
2011-02-15,-358.79,-237.6,-36.44584,-48.65645,17.79,16.37
2011-02-16,201.49,-84.3,281.1383,-204.88182,18.81,16.72
2011-02-17,-22.19,100.66,-49.26101,71.16575,19.12,16.59
2011-02-18,-52.68,71.08,183.98542,95.54497,17.76,16.43
2011-02-21,-457.32,-119.18,-377.01245,176.17798,18.78,16.43
2011-02-22,-165.19,-41.83,196.9928,-340.70113,20.33,20.8
2011-02-23,202.67,93.55,299.50331,-159.83245,20.2,22.13
2011-02-24,137.37,-12.64,329.64582,-176.84638,20.63,21.32
2011-02-25,-140.24,-130.04,204.42581,-317.99949,19.83,19.22
2011-02-28,-77.84,-82.56,165.82679,-223.05622,20.06,18.35
2011-03-02,-46.27,-33.16,92.62897,-73.21028,19.45,20.7
2011-03-03,-105.7,82.14,179.62104,178.81765,17.9,18.6
2011-03-04,9.77,98.6,178.77778,396.02147,16.25,19.06
2011-03-07,-300.97,-66.43,-219.60067,-46.50476,17.91,20.66
2011-03-08,136.28,54,460.63244,-406.77404,17.78,19.82
2011-03-09,-4.71,-21.45,-13.91653,-35.72278,17.8,20.22
2011-03-10,-389.13,-39.96,470.39482,-1177.86877,18.59,21.88
2011-03-11,-209.95,-191.38,97.4113,-503.39838,19.23,20.08
2011-03-14,-168.44,168.12,43.18114,130.42224,18.91,21.13
2011-03-15,-483.93,19.37,168.06275,-228.05808,25.92,24.32
2011-03-16,268.12,239.93,545.39271,-3.9867,21.49,29.4
2011-03-17,-61.91,22.78,102.07082,113.25551,22.05,26.37
2011-03-18,19.56,-218.87,127.94245,138.74797,20.42,24.44
2011-03-21,23.2,-6.6,-145.51837,131.98811,18.4,20.61
2011-03-22,66.88,2.67,-196.68032,230.14081,17.26,20.21
2011-03-23,84.48,54.25,-43.45737,123.6901,17.46,19.17
2011-03-24,85.8,44.11,-5.26234,272.52547,16.69,18
2011-03-25,345.83,-65.69,-112.30754,358.82373,15.56,17.91
2011-03-28,125.07,-118.84,-234.03449,162.72742,16,19.44
2011-03-29,78.49,353.41,-76.01739,173.91005,16.11,18.16
2011-03-30,551.3,287.15,102.29327,492.18182,16.55,17.71
2011-03-31,478.8,407.68,-178.13674,690.06924,16.57,17.74
2011-04-01,316.03,321.86,-258.24768,734.71636,16.39,17.4
2011-04-04,231.74,-156.84,-535.04443,182.6712,17.54,17.5
2011-04-05,102.59,314.73,-70.63302,217.78814,17.54,17.25
2011-04-06,-41.73,100.52,-299.3605,516.10802,18.07,16.9
2011-04-07,-51.17,104.69,-244.57662,67.02657,18.31,17.11
2011-04-08,-116.4,159.81,-70.13369,112.51404,18.13,17.87
2011-04-11,-85.79,-299.14,-290.19992,99.68913,18.26,16.59
2011-04-12,-239.59,-281.95,-379.60694,-220.91349,19.12,17.09
2011-04-13,-131.01,-98.8,-85.5459,-23.84395,18.64,16.92
2011-04-14,-196.71,-231.15,-117.41469,-17.85096,18.35,16.27
2011-04-15,79.69,-318.64,-11.74779,-154.30607,18.04,15.32
2011-04-18,-143.14,-82.59,-405.27552,-32.63656,18.53,16.96
2011-04-19,-229.79,-69.63,-120.58921,-531.7614,18.35,15.83
2011-04-20,186.71,219.34,272.60395,177.50694,17.21,15.07
2011-04-21,595.32,45.46,-199.98804,827.48443,17.38,14.69
2011-04-22,233.16,-92.13,-517.11236,210.32792,16.85,14.69
2011-04-25,-103.66,-95.28,-202.82607,131.33002,17.56,15.77
2011-04-26,160.39,-118.7,-297.24772,77.79556,18.13,15.62
2011-04-27,378.4,501.9,-196.82013,688.54374,18.44,15.35
2011-04-28,-258.13,-105.82,-255.53192,9.02054,18.09,14.62
2011-04-29,58.65,1.84,-214.88838,75.97696,18.36,14.75
2011-05-02,284.85,125.67,298.99955,190.96729,18.43,15.99
2011-05-03,26.59,-13.61,-351.04641,33.79456,18.71,16.7
2011-05-04,165.45,397.43,-199.13588,19.61281,18.73,17.08
2011-05-06,-14.78,247.6,-130.60957,-237.61497,19.62,18.4
2011-05-09,-600.76,48.19,-316.30454,70.88984,20.32,17.16
2011-05-11,-299.58,-197.46,-150.22554,143.62965,20.08,16.95
2011-05-12,-1111.87,-569.37,-91.23664,-996.44618,20.84,16.03
2011-05-13,-185.69,-215.56,79.59164,-637.71706,20.24,17.07
2011-05-16,-431.93,-125.27,63.61739,-509.2849,20.37,18.24
2011-05-17,-114.99,-92.71,-50.52378,-234.11744,19.84,17.55
2011-05-18,-99.12,-215.14,213.46241,-49.60184,18.24,16.23
2011-05-19,-287.86,-560.91,111.55484,-380.52028,18.22,15.52
2011-05-20,-81.22,114.61,195.13379,-123.59792,17.29,17.43
2011-05-23,-133.94,-169.36,-46.25173,-412.28326,19.3,18.27
2011-05-24,-79.42,83.35,204.09055,-273.57687,19.25,17.82
2011-05-25,-290.56,37.59,-79.43276,-72.60872,19.87,17.07
2011-05-26,79.85,56,254.93476,290.7537,19.08,16.09
2011-05-27,-106.19,138.64,67.25976,222.42617,18.13,15.98
2011-05-30,-44.07,-99.29,-80.12934,-83.76841,19.42,15.98
2011-05-31,540.89,635.71,770.15556,482.94778,18.56,15.45
2011-06-01,62.47,-47.27,4.95932,49.15496,17.97,18.3
2011-06-02,-207.54,136.75,-284.1751,-32.08558,18.93,18.09
2011-06-03,261.58,221.23,78.49484,21.61608,18.75,17.95
2011-06-07,116.24,372.55,-201.962,217.51468,19.72,18.07
2011-06-08,-195.39,104.33,-448.03637,91.79322,20.66,18.79
2011-06-09,-188.79,-362.11,9.48768,-659.64177,19.85,17.77
2011-06-10,-317.03,12.59,-277.98862,-34.0331,19.36,18.86
2011-06-13,186.98,195.19,348.0398,-203.69145,19.59,19.61
2011-06-14,108.43,104.21,490.81772,-52.53211,18.81,18.26
2011-06-15,30.08,40.73,196.93901,15.51873,18.82,21.32
2011-06-16,-173.46,82.48,-108.62907,-208.14389,19.91,22.73
2011-06-17,402.44,259.84,135.58642,-188.21185,21.32,21.85
2011-06-20,54.5,279.14,198.98833,-130.94669,21.67,19.99
2011-06-21,365.59,181.03,257.27768,3.39396,20.36,18.86
2011-06-22,167.43,221.3,349.1511,-17.17285,19.7,18.52
2011-06-23,-19.73,-7.95,-32.77835,-127.36376,19.95,19.29
2011-06-24,676.38,294.05,584.25408,55.96768,18.92,21.1
2011-06-27,-415.75,-68.29,-303.86274,-102.98498,20.65,20.56
2011-06-28,284.32,218.04,326.88774,-36.96339,21.11,19.17
2011-06-29,89.99,407.31,145.2989,420.26508,20.65,17.27
2011-06-30,62.16,270.07,144.2474,183.63218,19.24,16.52
2011-07-01,31.33,191.06,420.04096,163.33057,17.65,15.87
2011-07-04,142.98,30.6,221.66187,160.96753,17.66,15.87
2011-07-05,446.81,149.55,252.66934,375.7175,17.12,16.06
2011-07-06,264.93,81.04,-63.67242,169.86031,17.14,16.34
2011-07-07,409.84,315.43,111.86334,533.25363,17.25,15.95
2011-07-08,328.22,130.25,-1546.69341,1718.16727,17.41,15.95
2011-07-11,307.86,270.42,-268.13252,107.70462,18.38,18.39
2011-07-12,-11.05,27.26,-94.95739,-385.81368,20.31,19.87
2011-07-13,-69.24,-37.92,-153.19436,-195.82214,19.97,19.91
2011-07-14,-504.38,-213.5,-93.77391,-44.94409,20.12,20.8
2011-07-15,49.85,216.51,283.37797,-127.67964,20.53,19.53
2011-07-18,-298.43,-116.46,-26.01878,-210.78488,21.16,20.95
2011-07-19,181.75,64.53,290.35491,-309.49011,21,19.21
2011-07-20,331.14,50.99,408.51866,-135.41996,19.6,19.09
2011-07-21,114.12,227.92,151.64629,-177.80874,19.47,17.56
2011-07-22,212.77,379.09,399.52012,161.61387,17.9,17.52
2011-07-25,-105.82,63.57,-81.99125,-61.04119,19.78,19.35
2011-07-26,305.26,190.56,351.09576,-31.73926,19.4,20.23
2011-07-27,84.41,69.38,305.30217,-41.75782,19.19,22.98
2011-07-28,-63.81,181.33,-13.02543,-125.96945,19.9,23.74
2011-07-29,-106.69,59.25,25.6251,-147.38455,21,25.25
2011-08-01,510.37,232.56,262.57889,253.39925,19.31,23.66
2011-08-02,-187.36,-274.64,-310.32929,-374.19794,21.44,24.79
2011-08-03,-636.71,83.85,17.81461,-777.55468,21.72,23.38
2011-08-04,-182.53,78.38,5.05337,-438.6153,22.58,31.66
2011-08-05,166.65,945.56,983.57004,-410.9942,28.31,32
2011-08-08,59.04,467.25,794.8334,-84.44322,35.26,48
2011-08-09,-825.23,27.68,984.46487,-1166.87683,50.11,35.06
2011-08-10,-1462.45,-673.54,-288.38715,-1262.53972,46.89,42.99
2011-08-11,-298.91,284.84,141.71924,-279.16289,43.89,39
2011-08-12,-376.76,-62.3,-218.09463,-278.46313,37.15,36.36
2011-08-16,-51.76,80.55,-255.01695,660.44105,28.53,32.85
2011-08-17,4.8,47.71,27.27727,-13.40163,28.86,31.58
2011-08-18,-280.37,143.12,-456.46641,-151.05168,31.12,42.67
2011-08-19,394.15,435.73,113.823,-260.18405,41.91,43.05
2011-08-22,349.83,201.88,370.77329,-242.12111,37.99,42.44
2011-08-23,-124.81,-25.33,251.6132,-64.72288,34.78,36.27
2011-08-24,-367.64,-234.88,-381.42199,93.81489,36.68,35.9
2011-08-25,-191.54,-41.28,91.12324,-45.104,37.4,39.76
2011-08-26,-44.3,52.28,170.48817,-62.00786,38.37,35.59
2011-08-29,-173.27,-87.52,324.77057,-163.27103,33.41,32.28
2011-08-30,-15.04,-183.56,-241.53429,200.72994,30.39,32.89
2011-08-31,59.76,287.77,102.92282,264.68839,28.05,31.62
2011-09-01,-63.15,625.2,-372.40846,1089.15089,29.79,31.82
2011-09-02,-160.78,-30.63,-388.25396,-79.848,30.63,33.92
2011-09-05,-256.49,43.25,-429.25941,-329.78125,35.55,33.92
2011-09-06,-175.26,147.11,-9.38097,-436.01883,40.46,37
2011-09-07,133.46,-36.3,472.88985,-328.80315,35.9,33.38
2011-09-08,89.85,87.09,493.32137,-5.53028,33.93,34.32
2011-09-09,-204.6,-75.08,-38.58856,-113.51305,36.96,38.52
2011-09-14,-16.88,-117.2,193.98299,-687.97565,43.38,34.6
2011-09-15,41.09,101.58,174.6656,-193.40106,39.14,31.97
2011-09-16,615.63,231.05,990.11308,91.05779,35.42,30.98
2011-09-19,-169.84,121.63,-48.66289,2.85766,39.04,32.73
2011-09-20,330.26,115.16,450.94619,-182.8413,38.59,32.86
2011-09-21,96.35,245.95,73.37701,265.63517,37.51,37.32
2011-09-22,-431.93,-24.49,-477.30539,-303.6535,40.58,41.35
2011-09-23,-501.19,-100.92,-303.03244,-668.31369,45.95,41.25
2011-09-26,270.44,289.17,698.5532,-261.39951,46.16,39.02
2011-09-27,129.01,91.88,172.49451,164.38687,41.8,37.71
2011-09-28,-378.51,3.09,-297.26324,326.14324,43.29,41.08
2011-09-29,-184.51,116.17,189.63266,118.76991,42.43,38.84
2011-09-30,-259.66,155.52,-66.46761,219.76822,40.56,42.96
2011-10-04,-210.11,65.94,-209.97534,-449.86406,45.32,40.82
2011-10-05,352.26,96.66,175.03443,-301.15047,45.64,37.81
2011-10-06,263.49,72.45,549.2188,117.61283,41.41,36.27
2011-10-07,113.29,130.58,451.0387,380.77761,39.84,36.2
2011-10-10,-110.58,-32.59,194.22318,-101.00421,39.41,33.02
2011-10-11,114.08,110.6,287.11871,330.91688,36.35,32.86
2011-10-12,-167.53,108.04,53.75306,-5.72981,34.06,31.26
2011-10-13,8.59,-19.1,-224.78803,440.35156,31.82,30.7
2011-10-14,-40.28,217.27,52.11974,43.58613,31.49,28.24
2011-10-17,-7.46,212.53,76.54127,252.67139,30.61,33.39
2011-10-18,-60.06,139.8,209.83841,143.79588,33.07,31.56
2011-10-19,7.26,134.54,-50.20263,-26.9173,31.73,34.44
2011-10-20,-8.82,-5.3,1.1467,-112.19432,36.22,34.78
2011-10-21,-64.96,68.38,225.62279,-258.10347,34.42,31.32
2011-10-24,272.23,127.48,576.20793,181.73664,32.85,29.26
2011-10-25,22.01,145.55,-188.84819,354.303,33.72,32.22
2011-10-26,88.78,71.33,136.37606,-103.03166,33.92,29.86
2011-10-27,213.02,-79.22,340.4573,168.60398,30.07,25.46
2011-10-28,616.22,230.44,252.96104,453.15824,29.23,24.53
2011-10-31,-21.55,110.38,-381.50325,138.41175,31.02,29.96
2011-11-01,-125.25,20.89,-164.07287,169.21071,31.99,34.77
2011-11-02,-74.4,142.52,146.2549,-349.31776,33.94,32.74
2011-11-03,-194.3,-57.66,-410.1277,-33.27522,36.21,30.5
2011-11-04,215.16,139.77,722.13944,62.59968,31.12,30.16
2011-11-07,-216.75,-108.86,-247.46346,134.81909,32.67,29.85
2011-11-08,138.73,73.47,87.72592,24.08599,32.86,27.48
2011-11-09,362.14,137.69,333.73579,-267.7028,30.46,36.16
2011-11-10,195.18,-315.64,-179.63591,-503.6888,35.72,32.81
2011-11-11,-340.02,96.79,30.76126,-263.39092,34.18,30.04
2011-11-14,47.57,47.08,322.57484,133.03399,31.47,31.13
2011-11-15,62.61,-42.86,41.11874,-79.66452,32.34,31.22
2011-11-16,-225.34,80.85,-259.05614,89.61697,35.43,33.51
2011-11-17,-98.87,-94.58,53.05837,-340.12736,34.86,34.51
2011-11-18,-543.65,-118.65,-254.66263,-399.64712,36.16,32
2011-11-21,-192.87,-29.3,13.82606,-288.4229,36.17,32.91
2011-11-22,-105.42,-15.94,119.36687,-326.29513,35.36,31.97
2011-11-23,-249,-32.41,31.12889,-420.97669,34.87,33.98
2011-11-24,-26.73,178.35,328.30882,-272.18886,33.66,33.98
2011-11-25,-142.55,5.03,312.4177,-354.35517,32.63,34.47
2011-11-28,140.43,71.34,533.26224,-198.09862,30.25,32.13
2011-11-29,428.21,357.32,640.26293,414.83248,28.43,30.64
2011-11-30,293.69,394.09,259.68248,388.73371,29.04,27.8
2011-12-01,1067.11,253.61,1049.31835,627.85911,27.13,27.41
2011-12-02,724.63,147.37,629.18633,99.46872,26.67,27.52
2011-12-05,272.91,59.48,113.11623,-72.79098,27.64,27.84
2011-12-06,347.14,34.04,288.94894,-160.16547,28.64,28.13
2011-12-07,558.42,198.9,336.71875,-28.58975,29.27,28.67
2011-12-08,192.7,351.77,-155.73215,202.80084,29.49,30.59
2011-12-09,-281.02,-44.54,-161.14058,-420.18427,31.07,26.38
2011-12-12,181.88,85.29,63.03566,2.56329,28.43,25.67
2011-12-13,-187.93,-56.1,-204.16423,-204.13494,28.03,25.41
2011-12-14,87.29,9.62,122.21455,-346.43031,27.4,26.04
2011-12-15,-195.66,-52.76,-205.27879,-285.91074,27.26,25.11
2011-12-16,-215.48,-17.35,-180.53118,33.53247,25.42,24.29
2011-12-19,-284.91,-46.15,8.10707,-240.73277,27.98,24.92
2011-12-20,92.66,-60.25,158.97424,-320.70088,26.65,23.22
2011-12-21,153.58,113.24,333.34067,325.51371,24.87,21.43
2011-12-22,2.22,81.47,97.451,-18.90039,25.12,21.16
2011-12-23,291.64,233.14,366.43765,185.69734,24.54,20.73
2011-12-26,3.69,14.29,-56.8853,81.94356,25.18,20.73
2011-12-27,-43.87,30.55,142.04753,95.67183,26.26,21.91
2011-12-28,-175.12,-59.97,-199.54037,30.51967,26.35,23.52
2011-12-29,-94.27,71.51,113.38984,12.65268,26.4,22.65
2012-01-02,-127,-204.85,92.20326,-102.25519,27.13,23.4
2012-01-03,482.42,471.2,677.56591,302.64411,26.72,22.97
2012-01-04,75.12,139.96,109.96232,288.11936,27.08,22.22
2012-01-05,112.87,192.71,279.88235,-41.56408,27.23,21.48
2012-01-06,-263.75,4.26,-269.14722,-48.31023,27.17,20.63
2012-01-09,-316.7,56.58,-280.74754,-75.70453,27.01,21.07
2012-01-10,464.3,187.56,607.85507,25.27489,24.84,20.69
2012-01-11,-24.54,-9.48,-42.01519,112.60488,24.35,21.05
2012-01-12,13.58,164.33,93.60437,166.80372,22.76,20.47
2012-01-13,129.45,151.47,432.46196,605.29103,22.28,20.91
2012-01-16,-176.46,-4.71,-139.60266,6.64526,24.22,20.91
2012-01-17,304.2,403.4,273.01335,422.90163,23.42,22.2
2012-01-18,-12.13,110.84,-161.40623,445.04375,23.79,20.89
2012-01-19,428.04,272.16,20.00233,740.36625,22.94,19.87
2012-01-20,534.1,562.48,-252.06948,1440.40523,23.12,18.28
2012-01-25,611.23,63.07,-510.87114,942.42471,23.89,18.31
2012-01-26,255.15,144.27,-177.62347,464.64766,23.76,18.57
2012-01-27,116.87,215.86,-228.36696,491.05166,23.83,18.53
2012-01-30,120.73,-75.96,-93.6441,-75.07782,24.41,19.4
2012-01-31,440.85,66.39,-106.76322,140.21938,23.36,19.44
2012-02-01,52,-76.4,-219.0094,415.56028,23.44,18.55
2012-02-02,228.72,239.83,-222.91738,1009.50611,22.89,17.98
2012-02-03,58.83,38.46,-233.68953,-120.81341,22.85,17.1
2012-02-06,111.37,-71.4,-26.86399,180.12775,23.45,17.76
2012-02-07,167.5,255.54,-87.9428,363.55577,22.17,17.65
2012-02-08,2.36,278.68,-1.84188,400.60084,21.36,18.16
2012-02-09,-98.24,-257.99,-154.15687,104.29217,21.76,18.63
2012-02-10,-116.15,-57.55,-395.54369,89.96274,21.56,20.79
2012-02-13,127.99,-11.76,42.23871,165.35514,21.32,19.04
2012-02-14,-226.22,-50.56,-165.42688,21.74289,20.23,19.54
2012-02-15,167.77,55.43,115.66099,254.22291,19.82,21.14
2012-02-16,3.26,-124.76,-366.32293,-51.82792,21.3,19.22
2012-02-17,81.09,133.93,44.86163,258.75227,20.14,17.78
2012-02-20,124.07,-10.19,-210.08501,162.7918,21,17.78
2012-02-21,92.44,109.94,-290.99625,124.66829,21.17,18.19
2012-02-22,-15.26,12.89,-270.73595,308.81574,21,18.19
2012-02-23,61.63,97.45,-204.58476,-15.12587,21.08,16.8
2012-02-24,36.61,91.89,-101.2026,174.61441,20.29,17.31
2012-02-27,-28.41,-64.83,-237.39489,-28.41723,21.54,18.19
2012-02-28,43.61,22.97,243.57668,-79.63675,20.34,17.96
2012-02-29,-143.85,147.32,3.52563,528.83887,19.4,18.43
2012-03-02,-11.01,-47.46,-38.21899,369.41771,18.64,17.29
2012-03-05,-174.44,-72.39,-224.1987,-47.67028,19.25,18.05
2012-03-06,49.06,-213.03,-62.14129,-225.80225,19.35,20.87
2012-03-07,-176.31,-320.8,18.85213,-372.12449,20.85,19.07
2012-03-08,-507.3,33.17,200.37074,-419.1016,19.91,17.95
2012-03-09,75.91,-133.38,80.78308,15.51887,18.07,17.11
2012-03-12,-48.39,-152.17,-142.39474,-146.80826,18.87,15.64
2012-03-13,322.24,155.56,218.14451,120.19473,18.12,14.8
2012-03-14,99.21,199.43,-19.22812,536.56448,18.28,15.31
2012-03-15,111.22,69.29,-242.87245,167.6794,18.43,15.42
2012-03-16,41.11,-86.2,-111.97517,154.75786,17.65,14.47
2012-03-19,50.94,-28.18,-63.1078,36.72436,18.07,15.04
2012-03-20,-139.67,-100.07,-170.30235,11.70768,17.87,15.58
2012-03-21,16.72,-212.97,-185.03651,-146.32072,17.73,15.13
2012-03-22,72.03,32.04,-32.34126,-48.20386,17.37,15.57
2012-03-23,-145.05,4.7,-151.58391,46.87549,17.35,14.82
2012-03-26,69.5,-36.75,-220.16006,-41.5762,17.87,14.26
2012-03-27,-4.66,118.96,-118.33955,344.68304,17.1,15.59
2012-03-28,-20.57,-62.75,44.75565,-54.62205,17.44,15.47
2012-03-29,-194.37,-32.46,-129.17279,39.22517,17.78,15.48
2012-03-30,-22.93,-136.02,-21.31498,22.77493,17.56,15.5
2012-04-02,-173.44,43.26,27.32314,-17.11855,17.4,15.64
2012-04-03,191.71,-6.9,117.55777,262.33133,16.88,15.66
2012-04-04,333.3,-137.13,204.03769,227.55692,17.32,16.44
2012-04-05,-85.03,96.9,-66.70136,5.57217,17.19,16.7
2012-04-06,-95.33,-137.46,-395.89055,228.82484,16.75,16.7
2012-04-09,-107.1,-129.2,-179.26948,-56.51419,17.9,18.81
2012-04-10,139.11,-122.54,158.25432,-81.98159,18.19,20.39
2012-04-12,-68.48,-113.81,150.65752,-358.07609,19.04,17.2
2012-04-13,-3.02,83.33,450.29764,30.10081,17.47,19.55
2012-04-16,-211.95,-168.95,-263.0886,-123.92505,18.54,19.55
2012-04-17,62.44,-20.7,77.13778,-298.71148,18.55,18.46
2012-04-18,25.07,-108.69,58.63596,-123.28339,17.28,18.64
2012-04-19,29.27,2.4,6.82804,-90.01639,17.29,18.36
2012-04-20,36.78,-109.56,-96.57246,-329.98975,17.81,17.44
2012-04-23,51.42,21.65,208.18367,-127.59052,18.13,18.97
2012-04-24,-306.74,-17.55,-63.56621,5.94586,18.47,18.1
2012-04-25,-56.24,-95.5,28.45007,0.71311,19.01,16.82
2012-04-26,62.47,14.88,33.75015,181.79955,18.5,16.24
2012-04-27,-231.24,-6.33,-94.58575,328.85639,17.55,16.32
2012-04-30,-32.58,179.1,-10.4324,311.90431,17.31,17.15
2012-05-02,-126.47,-57.44,18.20327,-133.17507,16.47,16.88
2012-05-03,83.88,-95.31,115.85921,-134.4905,16.02,17.56
2012-05-04,-31.86,9.39,50.77242,-95.72575,16.34,19.16
2012-05-07,-275.02,-77.41,-3.97648,-444.01287,18.57,18.94
2012-05-08,36.65,-112.62,189.20682,-324.64951,17.28,19.05
2012-05-09,182.18,-105.43,134.30689,-346.80706,18.28,20.08
2012-05-10,-206.78,-111.1,-55.65658,-208.32434,17.83,18.83
2012-05-11,-165.43,-84.03,-117.41953,-166.75123,18.99,19.89
2012-05-14,-95.86,-203.12,66.43373,-157.69209,18.7,21.87
2012-05-15,75.18,-22.1,163.84387,-186.95879,19,21.97
2012-05-16,140.85,-96.57,214.82246,-490.64962,23.23,22.27
2012-05-17,-288.89,48.47,-64.48672,-48.70917,21.63,24.49
2012-05-18,-177.29,-322.93,129.05819,-428.55729,25.43,25.1
2012-05-21,-99.2,-121.72,-13.70841,-57.06159,24.77,22.01
2012-05-22,-267.66,-289.91,-97.98926,-5.95198,21.66,22.48
2012-05-23,-156.77,-302.38,191.88839,-382.46477,23.24,22.33
2012-05-24,28.45,-131.57,220.77216,-233.70442,23.21,21.54
2012-05-25,-65.13,-136.26,167.85561,-135.53592,21.91,21.76
2012-05-29,77.71,-89.33,256.77381,28.99948,21.61,21.03
2012-05-30,-407.02,3.91,-76.45769,6.32681,21.82,24.14
2012-05-31,-115.74,184.07,-38.44283,-17.66534,22.69,24.06
2012-06-01,-94.92,-86.08,83.60036,-202.20348,23.49,26.66
2012-06-04,575.62,96.99,448.73662,-284.06992,26.6,26.12
2012-06-05,287.49,-26.19,544.95137,-333.18967,24.95,24.68
2012-06-07,43.11,265.65,208.10052,291.616,23.55,21.72
2012-06-08,-1.49,-9.44,52.38013,1.5897,23.86,21.23
2012-06-11,9.17,12.41,17.60155,217.0131,22.76,23.56
2012-06-12,-84.67,50.43,-10.44062,-39.3568,23.79,22.09
2012-06-13,46.84,60.83,-0.21868,155.72885,24.23,24.27
2012-06-14,240.43,605.45,204.06115,76.97957,24.69,21.68
2012-06-15,201.09,191.5,304.64547,-200.16002,25.61,21.11
2012-06-18,362.08,329,24.30743,373.02915,21.97,18.32
2012-06-19,58.57,230,-12.92083,191.94137,21.33,18.38
2012-06-20,3.04,171.13,-84.38125,234.51577,20.58,17.24
2012-06-21,188.26,77.92,54.52868,27.45466,19.79,20.08
2012-06-22,-358.2,-39.92,-509.32839,-233.17366,21.06,18.11
2012-06-25,-269.6,36.46,-78.16336,-490.519,21.55,20.38
2012-06-26,-156.56,33.3,41.86322,-303.41793,21.5,19.72
2012-06-27,-38.03,-216.74,71.08282,-240.98345,20.93,19.45
2012-06-28,-23.42,-62.05,34.94049,-62.64852,20.89,19.71
2012-06-29,15.84,149.6,366.90226,-155.57755,20.03,17.08
2012-07-02,-41.09,-36.18,106.60953,41.61894,19.61,16.8
2012-07-03,78.32,55.61,393.43505,15.07003,18.53,16.66
2012-07-04,-92.09,153,-19.86576,172.80696,18.01,16.66
2012-07-05,-76.06,1.04,122.48509,16.67786,18.21,17.5
2012-07-06,-38.75,75.33,-200.13687,19.16235,18.67,17.1
2012-07-09,111.09,-42.47,69.75945,-336.02421,18.69,17.98
2012-07-10,-20.99,37.08,-56.83472,-113.92211,18.26,18.72
2012-07-11,12.08,-39.42,-8.44497,-227.84876,18.39,17.95
2012-07-12,-326.05,-254.9,-262.08242,-239.39785,18.83,18.33
2012-07-13,-165,126.14,460.63253,-335.78181,18.42,16.74
2012-07-16,-38.89,-67.04,47.802,-80.04401,17.85,17.11
2012-07-17,143.17,-59,583.687,317.02411,17.7,16.48
2012-07-18,-32.81,8.27,-191.89784,-43.6436,18.49,16.16
2012-07-19,273.31,154.17,330.20602,70.70111,17.42,15.45
2012-07-20,-166.58,51.43,-38.36908,196.10031,17.59,16.27
2012-07-23,-61.66,-5.26,-89.79177,-185.68288,20.19,18.62
2012-07-24,-49.83,120.06,-10.48181,-21.15224,20.26,20.47
2012-07-25,54.64,44.97,171.24374,-88.43984,21.26,19.34
2012-07-26,-121.72,40.65,126.22286,-44.06223,20.54,17.53
2012-07-27,132.73,252.42,252.26102,478.07581,18.5,16.7
2012-07-30,-54.66,102.78,-54.38298,491.9947,19.25,18.03
2012-07-31,424.26,294.58,500.29483,615.315,20.32,18.93
2012-08-01,269.62,123.17,219.20628,47.868,20.92,18.96
2012-08-02,138.01,80.32,7.42265,211.01291,21.57,17.57
2012-08-03,-137.93,74.11,17.51995,-61.6052,19.44,15.64
2012-08-06,138.09,12.14,376.49318,162.40612,19.38,15.95
2012-08-07,58.41,13.21,170.73595,60.93244,18.96,15.99
2012-08-08,384.87,403,88.46445,732.93494,19.13,15.32
2012-08-09,1378.31,407.82,-96.38483,1564.98356,19.41,15.28
2012-08-10,281.6,322.89,-286.29109,656.88241,18.97,14.74
2012-08-13,163.87,166.29,-233.2255,264.95707,19.3,13.7
2012-08-14,285.24,449.39,-63.28097,429.58795,18.34,14.85
2012-08-16,216.24,215.04,-90.15171,351.33835,18.73,14.29
2012-08-17,376.71,252.76,20.92146,315.46987,18.72,13.45
2012-08-20,256.15,275.77,47.95487,34.19894,19.44,14.02
2012-08-21,267.08,250.1,-55.384,247.92756,19.58,15.02
2012-08-22,115.02,264.33,-147.87747,186.34478,19.69,15.11
2012-08-23,155.68,185.19,-50.46121,101.62027,19.26,15.96
2012-08-24,-19.03,-46.74,144.78489,-216.18044,19.67,15.18
2012-08-27,361.65,439.13,-124.14665,350.60151,19.97,16.35
2012-08-28,-49.62,-1.18,-29.06744,-114.55336,19.68,16.49
2012-08-29,-45.17,58.08,224.60107,-125.6999,19.3,17.06
2012-08-30,-259.27,-185.86,-171.25806,-152.6922,20,17.83
2012-08-31,-199.25,70.6,-99.20795,-47.3063,20.35,17.47
2012-09-03,-79.03,11.55,-27.86604,70.02868,20.02,17.47
2012-09-04,-127.59,18.92,-49.2343,32.42591,20.01,17.98
2012-09-05,-267.86,-230.71,-489.30628,-59.74593,21,17.74
2012-09-06,-39.14,64.94,68.79189,-192.90449,20.86,15.6
2012-09-07,91.7,-32.78,409.58809,307.77759,18.97,14.38
2012-09-10,15.8,21.43,-67.01371,208.75103,19.35,16.28
2012-09-11,-171.18,-13.11,-147.20222,208.98352,19.78,16.41
2012-09-12,425.65,106.3,436.74761,59.51883,20.02,15.8
2012-09-13,54.62,-46.45,-114.20293,126.48206,19.09,14.05
2012-09-14,454.12,792.97,215.39873,1272.58462,17.98,14.51
2012-09-17,-72.68,-15.13,-436.47287,507.83297,18.03,14.59
2012-09-18,116.98,28.55,0.38691,56.97925,18.04,14.18
2012-09-19,169.21,165.49,-150.74905,174.92974,18.23,13.88
2012-09-20,17.14,74.21,-210.28284,167.81839,18.64,14.07
2012-09-21,119.61,151.83,-20.73513,167.93571,18.15,13.98
2012-09-24,-41.16,-98.71,3.93491,1.17711,18.28,14.15
2012-09-25,34.76,-72.16,83.93342,-12.27676,18.1,15.43
2012-09-26,-108.59,-85.59,-161.28526,23.74563,17.92,16.81
2012-09-27,147.95,-4.3,92.42798,-130.36669,17.53,14.84
2012-09-28,-9.4,186.93,-45.1717,231.80132,17.23,15.73
2012-10-02,-66.14,35.65,-108.26022,47.98122,17.65,15.71
2012-10-04,87.5,8.51,-166.00031,-61.06215,17.13,14.55
2012-10-05,82.8,20.03,126.0616,-47.8629,17.06,14.33
2012-10-08,-16.87,-8.29,-125.84715,375.43064,17.33,15.11
2012-10-09,163.81,89.75,38.63032,-65.98187,16.87,16.37
2012-10-10,-57.88,-37.5,-278.88213,82.34152,17.81,16.29
2012-10-11,-220.07,-135.41,-341.97945,-197.4135,17.51,15.59
2012-10-12,48.98,24.48,114.70033,-288.02557,17.19,16.14
2012-10-15,66.85,66.4,139.04952,-169.70901,17.08,15.27
2012-10-16,-77.43,19.28,8.82287,-34.03275,16.4,15.22
2012-10-17,5.91,38.72,127.22741,26.68019,16.28,15.07
2012-10-18,49.46,133.05,215.53967,51.56541,16.47,15.03
2012-10-19,130.11,-53.54,211.53195,-220.40302,16.82,17.06
2012-10-22,-53.24,65.8,-66.01922,-72.37715,17.79,16.62
2012-10-23,-79.17,-94.23,-148.46468,-55.10426,17.91,18.83
2012-10-24,-37.69,107.26,175.88012,-319.74727,18.64,18.33
2012-10-25,-223.91,-82.43,-74.1245,-1.88515,17.82,18.12
2012-10-26,-43.24,25,9.43418,-166.92831,19,17.81
2012-10-29,178.99,225.59,240.80602,-124.84941,18.55,17.81
2012-10-30,-11.95,141,27.73932,101.91612,18.26,17.81
2012-10-31,35.81,67.43,214.54083,-46.07924,18.37,18.6
2012-11-01,-128.3,210.99,-381.80846,207.27635,18.39,16.69
2012-11-02,10.37,26.99,401.68423,138.09276,17.46,17.59
2012-11-05,-17.06,84.38,-11.19956,-53.26999,17.82,18.42
2012-11-06,3.2,32.36,164.27603,3.21232,17.51,17.58
2012-11-07,-83.55,-26.04,-32.98032,129.79352,17.36,19.08
2012-11-08,-216.08,-212.59,-301.20096,-119.34001,17.64,18.49
2012-11-09,-134.31,-121.15,59.08253,-264.52868,17.19,18.61
2012-11-12,71.35,-15.78,104.77813,-156.59749,17.3,16.68
2012-11-13,-5.67,48.03,-17.49801,-1.99819,17.22,16.65
2012-11-14,148.44,-109.81,103.82452,-69.19673,16.78,17.92
2012-11-15,4.72,-129.03,182.62502,-257.87233,17.24,17.99
2012-11-16,-86.48,77.53,167.88672,-134.60638,17.07,16.41
2012-11-19,160.19,126.81,166.64107,-133.04999,16.44,15.24
2012-11-20,26.36,-3.42,55.88851,52.84588,15.83,15.08
2012-11-21,16.24,123.65,-80.09714,160.55417,15.83,15.31
2012-11-22,178.59,86.56,261.67382,-39.11381,15.37,15.31
2012-11-23,6.98,85.48,48.52725,162.16297,15.37,15.14
2012-11-26,30.69,107.2,67.62249,26.73094,15.78,15.5
2012-11-27,183.27,100.85,382.78259,-67.52314,15.51,15.92
2012-11-28,16.2,-167.22,164.47863,-263.46791,15.43,15.51
2012-11-29,173.72,126.5,261.57338,43.19816,15.07,15.06
2012-11-30,125.22,7.22,95.51852,91.5017,14.87,15.87
2012-12-03,-110.8,170.58,-194.47628,271.16004,15.36,16.64
2012-12-04,-42.19,134.81,-93.38136,94.26653,15.25,17.12
2012-12-05,52.18,104.36,80.74277,139.79158,15.24,16.46
2012-12-06,-91.77,9.83,-11.00614,213.91935,15.3,16.58
2012-12-07,118.07,72.48,91.18095,198.0849,15.11,15.9
2012-12-10,-81.08,150.04,-255.31785,278.78467,15.45,16.05
2012-12-11,-5.19,263.49,80.88495,199.41696,15.29,15.57
2012-12-12,182.87,245.45,55.85271,205.94732,15.2,15.95
2012-12-13,238.47,674.42,-23.93142,532.91219,14.61,16.56
2012-12-14,179.15,182.75,-81.84633,79.2063,14.08,17
2012-12-17,226.09,234.53,-127.37914,171.74723,14.86,16.34
2012-12-18,250.39,196.59,37.51942,215.88166,14.59,15.57
2012-12-20,73.38,601.79,175.44157,309.2198,14.66,17.67
2012-12-21,410.22,204.8,-72.64467,380.02745,16.03,17.84
2012-12-24,245.44,87.37,14.26183,222.74771,15.8,18.59
2012-12-26,370.47,179.73,252.88271,233.25659,16.03,19.48
2012-12-27,-0.31,38.18,45.37879,-166.29036,15.77,19.47
2012-12-28,-59.37,-2.03,179.17799,-24.3257,15.89,22.72
2013-01-02,37.63,268.84,76.38469,173.60218,15.5,14.68
2013-01-03,148.93,201.79,-70.02201,111.47641,14.78,14.56
2013-01-04,99.6,365.52,-134.87676,56.092,14.4,13.83
2013-01-07,15.86,101.87,14.27208,-34.7413,14.32,13.79
2013-01-08,-39.12,143.49,-112.83418,44.97721,13.98,13.62
2013-01-09,-47.56,-46.82,-132.38595,8.67302,13.75,13.81
2013-01-10,-119.22,-7.27,-42.32376,-2.73393,13.53,13.49
2013-01-11,-187.79,-41.02,-154.65328,-8.97061,13.74,13.36
2013-01-14,5.45,210.61,98.52108,-92.03418,14.11,13.52
2013-01-15,-154.79,-113.13,44.25437,-224.78147,15.14,13.55
2013-01-16,-171.05,1.04,-35.1863,-88.44305,15.53,13.42
2013-01-17,-115.9,31.93,46.71424,-114.34196,15.1,13.57
