Date,VIX Index,UX1 Index,SPVXSP Index
2005-12-20,11.19,11.15,100000
2005-12-21,10.81,12.59,98667.71
2005-12-22,10.29,12.48,97794.3
2005-12-23,10.27,12.21,95893.4
2005-12-27,11.57,12.45,97525.57
2005-12-28,11.35,12.32,96611.2
2005-12-29,11.61,12.32,96589.08
2005-12-30,12.07,12.45,97190.24
2006-01-03,11.14,12.02,94676.96
2006-01-04,11.37,11.84,93839.11
2006-01-05,11.31,11.83,93381.22
2006-01-06,11,11.56,91730.89
2006-01-09,11.13,11.33,90040.81
2006-01-10,10.86,11.22,88561.87
2006-01-11,10.94,11.19,87438.32
2006-01-12,11.2,11.3,88434.31
2006-01-13,11.23,11.32,88206.57
2006-01-17,11.91,11.71,89268.18
2006-01-18,12.25,13.27,90495.7
2006-01-19,11.98,13.11,89417.63
2006-01-20,14.56,13.53,92205.96
2006-01-23,13.93,13.74,93463.5
2006-01-24,13.31,13.56,92140.65
2006-01-25,12.87,13.32,90590.93
2006-01-26,12.42,12.92,88425.36
2006-01-27,11.97,12.72,86779.04
2006-01-30,12.39,12.53,85641.78
2006-01-31,12.95,12.7,86205.57
2006-02-01,12.36,12.66,85905.9
2006-02-02,13.23,12.86,86833.15
2006-02-03,12.96,12.87,86620.75
2006-02-06,13.04,12.8,86716.88
2006-02-07,13.59,13.02,87431.75
2006-02-08,12.83,12.47,85332.33
2006-02-09,13.12,12.41,84408.68
2006-02-10,12.87,12.37,84145.27
2006-02-13,13.35,12.65,85630.73
2006-02-14,12.25,11.95,84528.27
2006-02-15,12.31,12.99,84920.51
2006-02-16,11.48,12.74,83291.91
2006-02-17,12.01,12.6,82409.63
2006-02-21,12.41,12.44,81667.59
2006-02-22,11.88,12.19,79590.11
2006-02-23,11.87,12.2,79574.01
2006-02-24,11.46,12.1,78803.01
2006-02-27,11.59,11.96,78073.79
2006-02-28,12.34,12.19,79246.07
2006-03-01,11.54,12.05,78568.07
2006-03-02,11.72,12.07,78721.92
2006-03-03,11.96,12.11,78801.31
2006-03-06,12.74,12.34,79815.24
2006-03-07,12.66,12.44,80413.61
2006-03-08,12.32,12.25,79582
2006-03-09,12.68,12.38,80086.28
2006-03-10,11.85,12.21,79352.12
2006-03-13,11.37,11.88,78569.69
2006-03-14,10.74,11.51,77473.88
2006-03-15,11.35,11.48,77434.9
2006-03-16,11.98,11.45,76316.55
2006-03-17,12.12,11.66,76587.45
2006-03-20,11.79,11.5,77014.57
2006-03-21,11.62,11.53,77376.08
2006-03-22,11.21,12.43,76211.15
2006-03-23,11.17,12.45,76320.58
2006-03-24,11.19,12.36,75822.92
2006-03-27,11.46,12.38,75886.96
2006-03-28,11.58,12.35,75768.79
2006-03-29,10.95,12.06,74205.01
2006-03-30,11.57,12,73805.03
2006-03-31,11.39,12.12,74393.57
2006-04-03,11.57,12.09,74163.26
2006-04-04,11.14,12,73766.87
2006-04-05,11.13,11.9,72982.78
2006-04-06,11.45,11.92,72413.58
2006-04-07,12.26,12.07,73715.15
2006-04-10,12.19,12.3,74468.68
2006-04-11,13,12.61,75603.21
2006-04-12,12.76,12.63,76140.38
2006-04-13,12.38,12.57,75935.74
2006-04-17,12.58,12.61,76171.02
2006-04-18,11.4,11.48,73763.14
2006-04-19,11.32,12.61,73704.69
2006-04-20,11.64,12.44,72724.53
2006-04-21,11.59,12.64,73844.83
2006-04-24,11.75,12.59,73486.08
2006-04-25,11.75,12.59,73346.7
2006-04-26,11.76,12.42,72418.26
2006-04-27,11.84,12.35,71960.28
2006-04-28,11.59,12.23,71488.21
2006-05-01,12.54,12.53,72760.86
2006-05-02,11.99,12.31,71722.99
2006-05-03,11.99,12.41,72445.13
2006-05-04,11.86,12.26,72150.81
2006-05-05,11.62,12.1,71263.61
2006-05-08,12,12.08,71410.25
2006-05-09,11.99,11.96,70922.47
2006-05-10,11.78,11.98,70650.52
2006-05-11,12.49,12.36,72547.64
2006-05-12,14.19,13.12,75961.95
2006-05-15,13.57,13.17,75580.06
2006-05-16,13.35,12.98,74659.88
2006-05-17,16.26,14.42,82120.17
2006-05-18,16.99,14.63,83305.87
2006-05-19,17.18,14.86,84611.55
2006-05-22,17.72,15.84,89748.79
2006-05-23,18.26,15.71,88930.47
2006-05-24,17.36,16.19,91497.97
2006-05-25,15.5,15.4,87827.15
2006-05-26,14.26,14.9,85408.71
2006-05-30,18.66,16.34,93256.66
2006-05-31,16.44,15.9,91331.47
2006-06-01,14.52,15.13,87480.89
2006-06-02,14.32,14.73,85262.4
2006-06-05,16.65,15.87,90284.59
2006-06-06,17.34,16.32,92371.54
2006-06-07,17.8,16.67,94786.73
2006-06-08,18.35,17.13,97793.78
2006-06-09,18.12,17.43,98791.87
2006-06-12,20.96,18.21,102348.72
2006-06-13,23.81,20.78,110906.64
2006-06-14,21.46,21.62,113069.15
2006-06-15,15.9,16.1,94580.71
2006-06-16,17.25,16.65,97481.24
2006-06-19,17.83,16.99,98447.9
2006-06-20,16.69,16.94,96982.95
2006-06-21,15.52,15.67,91439.4
2006-06-22,15.88,15.76,91933.33
2006-06-23,15.89,15.69,91427.5
2006-06-26,15.62,15.56,90642.84
2006-06-27,16.4,15.93,92895.43
2006-06-28,15.79,15.96,92947.51
2006-06-29,13.03,14.34,85062.5
2006-06-30,13.08,14.02,83163.07
2006-07-03,13.05,13.72,81573.96
2006-07-05,14.15,14.4,84701.97
2006-07-06,13.65,14.16,84714.08
2006-07-07,13.97,14.36,85694.15
2006-07-10,14.02,14.32,85754.24
2006-07-11,13.14,13.9,84182.88
2006-07-12,14.49,14.44,86488.69
2006-07-13,17.79,16.36,93708.45
2006-07-14,18.05,17.27,96604.6
2006-07-17,18.64,17.35,95794.99
2006-07-18,17.74,17.86,94556.84
2006-07-19,15.55,15.81,89517.58
2006-07-20,16.21,16.33,92445.3
2006-07-21,17.4,16.71,94572.54
2006-07-24,14.98,15.41,87654.52
2006-07-25,14.85,14.99,85232.24
2006-07-26,14.62,14.87,84638.69
2006-07-27,14.94,15.13,86072.57
2006-07-28,14.33,14.61,83456.54
2006-07-31,14.95,14.71,84244.39
2006-08-01,15.05,15.06,86285.58
2006-08-02,14.34,14.73,84576.67
2006-08-03,14.46,14.6,83788.56
2006-08-04,14.34,14.84,85026.49
2006-08-07,15.23,15.03,85721.97
2006-08-08,15.23,14.98,85444.3
2006-08-09,15.2,14.96,84543.57
2006-08-10,14.46,14.77,85086.08
2006-08-11,14.3,14.73,85475.41
2006-08-14,14.26,13.95,82220.94
2006-08-15,13.42,13.23,81450.05
2006-08-16,12.41,14.19,77413.01
2006-08-17,12.24,14.08,76838.03
2006-08-18,11.64,13.85,75675.44
2006-08-21,12.22,13.69,75314.74
2006-08-22,12.19,13.6,74650.54
2006-08-23,12.4,13.93,76062.04
2006-08-24,12.4,13.86,75314.37
2006-08-25,12.31,13.54,73765.61
2006-08-28,12.18,13.31,72703.98
2006-08-29,12.28,13.56,73570.13
2006-08-30,12.22,13.46,73086.61
2006-08-31,12.31,13.23,71973.3
2006-09-01,11.96,12.95,70504.99
2006-09-05,12.63,12.99,70940.65
2006-09-06,13.74,13.69,73889.09
2006-09-07,13.88,13.83,74714.27
2006-09-08,13.16,13.68,74213.06
2006-09-11,12.99,13.6,74495.29
2006-09-12,11.92,12.57,70578.55
2006-09-13,11.18,12.22,69351.58
2006-09-14,11.55,12.3,70355.45
2006-09-15,11.76,12.09,70088.9
2006-09-18,11.78,11.88,69399.11
2006-09-19,11.98,11.82,69098.14
2006-09-20,11.39,13.59,67752.07
2006-09-21,12.25,13.96,69579.52
2006-09-22,12.59,13.99,69792.27
2006-09-25,12.12,13.5,67488.69
2006-09-26,11.53,13.22,66076.34
2006-09-27,11.58,13.21,66283.79
2006-09-28,11.72,13.18,66094.46
2006-09-29,11.98,13.1,65843.36
2006-10-02,12.57,13.37,67005.42
2006-10-03,12.24,13.49,67041.24
2006-10-04,11.86,12.72,63664.21
2006-10-05,11.98,12.58,63105.73
2006-10-06,11.56,12.48,63002.14
2006-10-09,11.68,12.23,61831.53
2006-10-10,11.52,11.72,60174
2006-10-11,11.62,11.62,59364.59
2006-10-12,11.09,11.36,58059.26
2006-10-13,10.75,11.18,57275.95
2006-10-16,11.09,10.62,55918.93
2006-10-17,11.73,11.23,56655.33
2006-10-18,11.34,12.59,56386.61
2006-10-19,10.9,12.52,56065.42
2006-10-20,10.63,12.28,55021.08
2006-10-23,11.08,11.95,53693.3
2006-10-24,10.78,11.78,52803.7
2006-10-25,10.66,11.49,51510.19
2006-10-26,10.56,11.25,50370.75
2006-10-27,10.8,11.31,50616.39
2006-10-30,11.2,11.35,50789.59
2006-10-31,11.1,11.31,50423.03
2006-11-01,11.51,11.55,51518.72
2006-11-02,11.42,11.65,51852.64
2006-11-03,11.16,11.5,51494.27
2006-11-06,11.16,11.12,49741.32
2006-11-07,11.09,11.18,49906.42
2006-11-08,10.75,10.92,48999.6
2006-11-09,11.01,10.99,49125.63
2006-11-10,10.79,11,49516.95
2006-11-13,10.86,10.59,49312.73
2006-11-14,10.5,10.25,48258.19
2006-11-15,10.31,11.62,47846.43
2006-11-16,10.16,11.58,47678.73
2006-11-17,10.05,11.67,48026.93
2006-11-20,9.97,11.43,47189.1
2006-11-21,9.9,11.5,47508.17
2006-11-22,10.14,11.61,47954.67
2006-11-24,10.73,11.7,48510.87
2006-11-27,12.3,12.46,51297.79
2006-11-28,11.62,12,49490.12
2006-11-29,10.83,11.46,47568.17
2006-11-30,10.91,11.37,47259.07
2006-12-01,11.66,11.65,48262.08
2006-12-04,11.23,11.49,47470.58
2006-12-05,11.27,11.52,47631.61
2006-12-06,11.33,11.55,48001.66
2006-12-07,12.67,12,48857.96
2006-12-08,12.07,11.98,48936.05
2006-12-11,10.71,11.43,47732.24
2006-12-12,10.65,11.18,47228.06
2006-12-13,10.18,10.54,46468.78
2006-12-14,9.97,10.37,46679.74
2006-12-15,10.05,10.44,47312.74
2006-12-18,10.6,10.56,47454.44
2006-12-19,10.3,10.57,46197.66
2006-12-20,10.26,12.35,46048.51
2006-12-21,10.53,12.44,46386.8
2006-12-22,11.36,12.62,47051.33
2006-12-26,11.26,12.27,45810.86
2006-12-27,10.64,11.95,44641.46
2006-12-28,10.99,12.09,45043.4
2006-12-29,11.56,12.3,45522.11
2007-01-03,12.04,12.21,45522.11
2007-01-04,11.51,12.11,45297.02
2007-01-05,12.14,12.38,46362.61
2007-01-08,12,12.25,45856.4
2007-01-09,11.91,12.22,45651.18
2007-01-10,11.47,11.9,45153.55
2007-01-11,10.87,10.98,42057.64
2007-01-12,10.15,10.66,41315.06
2007-01-16,10.74,10.59,40717.44
2007-01-17,10.59,11.91,40751.65
2007-01-18,10.85,12.06,41237.22
2007-01-19,10.4,11.69,40065.71
2007-01-22,10.77,11.85,40576.1
2007-01-23,10.34,11.47,39351.01
2007-01-24,9.89,11.32,38915.54
2007-01-25,11.22,11.83,40375.25
2007-01-26,11.13,11.88,40483.14
2007-01-29,11.45,11.81,40383.91
2007-01-30,10.96,11.6,39751.47
2007-01-31,10.42,11.51,39128.31
2007-02-01,10.31,11.28,38646.23
2007-02-02,10.08,11.2,38483.5
2007-02-05,10.55,11.16,38522.38
2007-02-06,10.65,11.16,37957.96
2007-02-07,10.32,10.95,37451.86
2007-02-08,10.44,11.01,37695.09
2007-02-09,11.1,11.23,38423.43
2007-02-12,11.61,11.36,39093.29
2007-02-13,10.34,10.43,37654.99
2007-02-14,10.23,11.63,36524.4
2007-02-15,10.22,11.55,36259.87
2007-02-16,10.02,11.56,36280.64
2007-02-20,10.24,11.37,35659.8
2007-02-21,10.2,11.24,35298.87
2007-02-22,10.18,11.15,35047.16
2007-02-23,10.58,11.59,36352.02
2007-02-26,11.15,11.44,35982.33
2007-02-27,18.31,14.81,44810.3
2007-02-28,15.42,13.5,41237.52
2007-03-01,15.82,14.16,43034.43
2007-03-02,18.61,15.19,45505.75
2007-03-05,19.63,16.15,47614.48
2007-03-06,15.96,15.03,44563.05
2007-03-07,15.24,14.37,43807.49
2007-03-08,14.29,13.75,42208.34
2007-03-09,14.09,13.6,42157.08
2007-03-12,13.99,13.14,41439.77
2007-03-13,18.13,15.34,45361.2
2007-03-14,17.27,15.81,47026.15
2007-03-15,16.43,15.4,47277.82
2007-03-16,16.79,15.99,48745.74
2007-03-19,14.59,14.32,45772.37
2007-03-20,13.27,13.06,44105.89
2007-03-21,12.19,13.28,40732.01
2007-03-22,12.93,13.36,40983.52
2007-03-23,12.95,13.33,40949.71
2007-03-26,13.16,13.38,41039.68
2007-03-27,13.48,13.93,42491.29
2007-03-28,14.98,14.72,44745.99
2007-03-29,15.14,14.6,44457.2
2007-03-30,14.64,14.49,44065.66
2007-04-02,14.53,14.7,44924.47
2007-04-03,13.46,14,43093.34
2007-04-04,13.24,13.65,42460.08
2007-04-05,13.23,13.53,41954.53
2007-04-09,13.14,13.3,41754.91
2007-04-10,12.68,12.71,40280.21
2007-04-11,13.49,13.28,41621.24
2007-04-12,12.71,12.87,40744.41
2007-04-13,12.2,12.39,40113.42
2007-04-16,11.98,11.67,38285.73
2007-04-17,12.14,11.87,38794.89
2007-04-18,12.42,13.13,38765.37
2007-04-19,12.54,13.02,38480.72
2007-04-20,12.07,13.03,38492.5
2007-04-23,13.04,13.22,39077.34
2007-04-24,13.12,13.21,39053.88
2007-04-25,13.21,13.1,38651.33
2007-04-26,12.79,13.11,38777.02
2007-04-27,12.45,13.02,38514.47
2007-04-30,14.22,13.41,39568.46
2007-05-01,13.51,13.43,39587.35
2007-05-02,13.08,13.16,39006.89
2007-05-03,13.09,13.08,38727.41
2007-05-04,12.91,13.14,38831.46
2007-05-07,13.15,13.22,39081.04
2007-05-08,13.21,13.33,39478.47
2007-05-09,12.88,12.94,39004.22
2007-05-10,13.6,13.35,40201.96
2007-05-11,12.95,12.77,39322.08
2007-05-14,13.96,13.34,40021.87
2007-05-15,14.01,13.96,40244.54
2007-05-16,13.5,14.06,39847.76
2007-05-17,13.51,14.16,40134.34
2007-05-18,12.76,13.99,39651.48
2007-05-21,13.3,13.78,39069.3
2007-05-22,13.06,13.81,39177.34
2007-05-23,13.24,13.75,39037.82
2007-05-24,14.08,14.2,40245.68
2007-05-25,13.34,13.96,39711.6
2007-05-29,13.53,13.83,39273.05
2007-05-30,12.83,13.56,38707.22
2007-05-31,13.05,13.57,38630.56
2007-06-01,12.78,13.41,38427.71
2007-06-04,13.29,13.57,38719.04
2007-06-05,13.63,13.71,38971.63
2007-06-06,14.87,14.33,40281.59
2007-06-07,17.06,15.82,42789.05
2007-06-08,14.84,15.08,41775.97
2007-06-11,14.71,14.69,40933.4
2007-06-12,16.67,15.5,42320.86
2007-06-13,14.73,14.78,41250.26
2007-06-14,13.64,13.86,40090.49
2007-06-15,13.94,13.64,39484.36
2007-06-18,13.42,13.41,39557.66
2007-06-19,12.85,12.88,38709.3
2007-06-20,14.67,15.03,41029.68
2007-06-21,14.21,15.07,41168.99
2007-06-22,15.75,15.77,42999.68
2007-06-25,16.65,15.99,43607.92
2007-06-26,18.89,16.64,45281.67
2007-06-27,15.53,15.61,42617.37
2007-06-28,15.54,15.55,42625.98
2007-06-29,16.23,16.19,44047.41
2007-07-02,15.4,15.72,43008.46
2007-07-03,14.92,15.65,42388.32
2007-07-05,15.48,15.63,43062.22
2007-07-06,14.72,15.3,42213.47
2007-07-09,15.16,15.41,42323.33
2007-07-10,17.57,16.67,45235.15
2007-07-11,16.64,16.24,44789.11
2007-07-12,15.54,15.47,43859.77
2007-07-13,15.15,15.45,44032.87
2007-07-16,15.59,15.67,44575.85
2007-07-17,15.63,15.57,44916.94
2007-07-18,16,17.37,46330.59
2007-07-19,15.23,17.18,45837.74
2007-07-20,16.95,17.72,47247.44
2007-07-23,16.81,17.55,46807.08
2007-07-24,18.55,18.18,48434.94
2007-07-25,18.1,18.07,48221.71
2007-07-26,20.74,19.37,51634.67
2007-07-27,24.17,20.07,53208.89
2007-07-30,20.87,19.44,51759.4
2007-07-31,23.52,20.52,54966.15
2007-08-01,23.67,21.8,57738.45
2007-08-02,21.22,20.81,55320.73
2007-08-03,25.16,22.61,59918.6
2007-08-06,22.94,22.08,58614.7
2007-08-07,21.56,20.71,54656.41
2007-08-08,21.45,20.16,54036.23
2007-08-09,26.48,23.26,61637.48
2007-08-10,28.3,27.18,66228.49
2007-08-13,26.57,26.1,64582.46
2007-08-14,27.68,26.94,67386.73
2007-08-15,30.67,28.81,70312.58
2007-08-16,30.83,30.61,75844.61
2007-08-17,29.99,30.07,73784.29
2007-08-20,26.33,26.34,67836.98
2007-08-21,25.25,25.24,66122.08
2007-08-22,22.89,22.7,62933.81
2007-08-23,22.62,23.1,64036.5
2007-08-24,20.72,22.23,61639.75
2007-08-27,22.72,23.28,64548.74
2007-08-28,26.3,25.21,69913.07
2007-08-29,23.81,24.16,67123.87
2007-08-30,25.06,24.45,67761.1
2007-08-31,23.38,23.7,65690.94
2007-09-04,22.78,22.78,63201.73
2007-09-05,24.58,24.16,66849.78
2007-09-06,23.99,23.98,66354.42
2007-09-07,26.23,25.83,70558.88
2007-09-10,27.38,26.72,72520.97
2007-09-11,25.27,25.01,68916.26
2007-09-12,24.96,24.94,69413.78
2007-09-13,24.76,24.85,69086.38
2007-09-14,24.92,24.8,69112.21
2007-09-17,26.48,25.37,70735.48
2007-09-18,20.35,20.18,61839.56
2007-09-19,20.03,20.57,59468.9
2007-09-20,20.45,20.82,60231.32
2007-09-21,19,19.87,57534.18
2007-09-24,19.37,19.71,57110.33
2007-09-25,18.6,19.88,57619.27
2007-09-26,17.63,19.03,55379.52
2007-09-27,17,18.72,54606.07
2007-09-28,18,18.92,55383.92
2007-10-01,17.84,18.43,54021.45
2007-10-02,18.49,18.92,55245.85
2007-10-03,18.8,19.1,55932.67
2007-10-04,18.44,19.26,56389.51
2007-10-05,16.91,17.93,53369.76
2007-10-08,17.46,18.2,54080.85
2007-10-09,16.12,17.06,51390.53
2007-10-10,16.67,17.31,51524.32
2007-10-11,18.88,18.53,54858.61
2007-10-12,17.73,17.95,53782.95
2007-10-15,19.25,19.17,56530.62
2007-10-16,20.02,20.03,59078.22
2007-10-17,18.54,21.07,58358.09
2007-10-18,18.5,21.09,58407.96
2007-10-19,22.96,22.54,62410.75
2007-10-22,21.64,22.27,61565.71
2007-10-23,20.41,21.56,59684.21
2007-10-24,20.8,22.01,60872.67
2007-10-25,21.17,21.71,60312.42
2007-10-26,19.56,20.73,57853.41
2007-10-29,19.87,20.27,56869.06
2007-10-30,21.07,20.96,58823.1
2007-10-31,18.53,19.06,54179.75
2007-11-01,23.21,22.33,61866.66
2007-11-02,23.01,22.98,63609.46
2007-11-05,24.31,23.94,66089
2007-11-06,21.39,22.45,62746.32
2007-11-07,26.49,25.22,69630.41
2007-11-08,26.16,25.24,69332.31
2007-11-09,28.5,26.96,73311.54
2007-11-12,31.09,27.64,74394.86
2007-11-13,24.1,24.65,68580.54
2007-11-14,25.94,25.3,69670.7
2007-11-15,28.06,27.42,74212.83
2007-11-16,25.49,26.04,73144.51
2007-11-19,26.01,25.61,74246.5
2007-11-20,24.88,25.08,72224.78
2007-11-21,26.84,26.81,73962.81
2007-11-23,25.61,26.2,71369.21
2007-11-26,28.91,27.32,75260.12
2007-11-27,26.28,26.65,73510.93
2007-11-28,24.11,24.56,67868.32
2007-11-29,23.97,24.86,68558.42
2007-11-30,22.87,24.19,66944
2007-12-03,23.61,24.29,67311.49
2007-12-04,23.79,24.48,67928.47
2007-12-05,22.53,23.06,64719.69
2007-12-06,20.96,21.67,61446.35
2007-12-07,20.85,21.97,62316.73
2007-12-10,20.74,21.28,61017.24
2007-12-11,23.59,22.92,64272.81
2007-12-12,22.47,22.19,63450.34
2007-12-13,22.56,22.04,63771.04
2007-12-14,23.27,22.64,65638.81
2007-12-17,24.52,23.75,67850.32
2007-12-18,22.64,22.55,65450.89
2007-12-19,21.68,24.42,65051.31
2007-12-20,20.58,24.17,64380.84
2007-12-21,18.47,23.1,61606.78
2007-12-24,18.6,22.48,59413.99
2007-12-26,18.66,22.02,58988.67
2007-12-27,20.26,22.72,60867.95
2007-12-28,20.74,22.81,61203.36
2007-12-31,22.5,23.12,62186.84
2008-01-02,23.17,23.86,63621.74
2008-01-03,22.49,23.42,63082.24
2008-01-04,23.94,24.68,65689.76
2008-01-07,23.79,24.12,64333.91
2008-01-08,25.43,25.54,67474.7
2008-01-09,24.12,24.89,66775.83
2008-01-10,23.45,24.07,64615.13
2008-01-11,23.68,24.96,67606.65
2008-01-14,22.9,23.36,64719.46
2008-01-15,23.34,24.04,65159.49
2008-01-16,24.38,24.99,64514.09
2008-01-17,28.46,26.97,69579.52
2008-01-18,27.18,27.24,70234.64
2008-01-22,31.01,27.73,71212.33
2008-01-23,29.02,26.4,67884.08
2008-01-24,27.78,26.43,67967.85
2008-01-25,29.08,26.75,68899.44
2008-01-28,27.78,26.16,67495.04
2008-01-29,27.32,26.25,67530.62
2008-01-30,27.62,26.14,67692.17
2008-01-31,26.2,25.64,66681.45
2008-02-01,24.02,24.95,64927.71
2008-02-04,25.99,25.81,67237.11
2008-02-05,28.24,27.39,71036.22
2008-02-06,28.97,28.19,72933.7
2008-02-07,27.66,27.62,71831.34
2008-02-08,28.01,28.39,73108.67
2008-02-11,27.6,27.88,71462.81
2008-02-12,26.33,27.06,70531.49
2008-02-13,24.88,26,68079.67
2008-02-14,25.54,26.28,69033.41
2008-02-15,25.02,26.07,68379.09
2008-02-19,25.59,25.61,67535.23
2008-02-20,24.4,25.45,67097.05
2008-02-21,25.12,25.42,67035.53
2008-02-22,24.06,24.87,65558.99
2008-02-25,23.03,24.17,63818.65
2008-02-26,21.9,23.71,62794.38
2008-02-27,22.69,23.88,63317.32
2008-02-28,23.53,24.58,65114.86
2008-02-29,26.54,26.1,68849.01
2008-03-03,26.28,26.16,68815.24
2008-03-04,25.52,25.72,67634.68
2008-03-05,24.6,24.83,65957.85
2008-03-06,27.55,26.76,70540.91
2008-03-07,27.49,26.91,70495.96
2008-03-10,29.38,27.75,72506.38
2008-03-11,26.36,26.11,68448.27
2008-03-12,27.22,26.68,70463.04
2008-03-13,27.29,26.75,70710.25
2008-03-14,31.16,29.03,74933.32
2008-03-17,32.24,30.57,75365.48
2008-03-18,25.79,25.95,68921.37
2008-03-19,29.84,27.41,72104.38
2008-03-20,26.62,27,71018.47
2008-03-24,25.73,26.35,69380.42
2008-03-25,25.72,26.32,69380.42
2008-03-26,26.08,26.95,70946.86
2008-03-27,25.88,26.64,70439.4
2008-03-28,25.71,26.6,70475.66
2008-03-31,25.61,26.01,69205.14
2008-04-01,22.68,24,64506.53
2008-04-02,23.43,24.64,65622.34
2008-04-03,23.21,24.27,65034.31
2008-04-04,22.45,23.96,64705.33
2008-04-07,22.42,23.01,62637.23
2008-04-08,22.36,23.02,62304.31
2008-04-09,22.81,23.63,63863.02
2008-04-10,21.98,22.85,62753.31
2008-04-11,23.46,23.91,64614.68
2008-04-14,23.82,23.84,64363.04
2008-04-15,22.78,22.87,63076.27
2008-04-16,20.53,22.96,59329.42
2008-04-17,20.37,23.03,59536.05
2008-04-18,20.13,22.2,57419.02
2008-04-21,20.5,21.92,56657.1
2008-04-22,20.87,22.1,57124.74
2008-04-23,20.26,21.86,56522.73
2008-04-24,20.06,21.23,55070.08
2008-04-25,19.59,20.69,53691.5
2008-04-28,19.64,20.54,53274.39
2008-04-29,20.24,20.81,53955.91
2008-04-30,20.79,21.24,55176.95
2008-05-01,18.88,19.86,51870.82
2008-05-02,18.18,19.66,51215.29
2008-05-05,18.9,19.69,51727.33
2008-05-06,18.21,18.82,49721.88
2008-05-07,19.73,19.7,52050.85
2008-05-08,19.4,19.67,52088.13
2008-05-09,19.41,19.84,52566.21
2008-05-12,17.79,18.94,50799.92
2008-05-13,17.98,18.7,50580.45
2008-05-14,17.66,18.3,49467.7
2008-05-15,16.3,17.43,48209.04
2008-05-16,16.47,17.15,48689.5
2008-05-19,17.01,16.64,47734.35
2008-05-20,17.58,17.37,50279.18
2008-05-21,18.59,22.14,53466.91
2008-05-22,18.05,21.72,52506.76
2008-05-23,19.55,22.23,53721.19
2008-05-27,19.64,21.49,52106.29
2008-05-28,19.07,21.33,51581.67
2008-05-29,18.14,19.97,48480.82
2008-05-30,17.83,19.38,47309.71
2008-06-02,19.83,20.64,50054.02
2008-06-03,20.24,21.07,51003.91
2008-06-04,20.8,21.3,51185.14
2008-06-05,18.63,19.91,48507.19
2008-06-06,23.56,22.98,53863.69
2008-06-09,23.12,22.7,52892.52
2008-06-10,23.18,22.72,52969.32
2008-06-11,24.12,23.75,54558.95
2008-06-12,23.33,22.85,53822.71
2008-06-13,21.22,21.62,51700.29
2008-06-16,20.95,20.86,50993.07
2008-06-17,21.13,21.05,50887.57
2008-06-18,22.24,23.35,52390.87
2008-06-19,21.58,22.93,51474.53
2008-06-20,22.87,23.51,52699.58
2008-06-23,22.64,23.51,52720.82
2008-06-24,22.42,23.63,53032.47
2008-06-25,21.14,22.61,50786.39
2008-06-26,23.93,24.72,55084.76
2008-06-27,23.44,24.55,54785.95
2008-06-30,23.95,24.19,54081.45
2008-07-01,23.65,24.19,53943.08
2008-07-02,25.92,25.53,56731.91
2008-07-03,24.78,25.39,56260.22
2008-07-07,25.78,25.85,56770.59
2008-07-08,23.15,23.96,53504.06
2008-07-09,25.23,25.47,56320
2008-07-10,25.59,25.61,56690.91
2008-07-11,27.49,27.15,57988.16
2008-07-14,28.48,28.03,59503.97
2008-07-15,28.54,28.3,60050.77
2008-07-16,25.1,24.72,56832.13
2008-07-17,25.01,24.25,55749.32
2008-07-18,24.05,24.05,55290.98
2008-07-21,23.05,23.4,53874.87
2008-07-22,21.18,22.47,51818.97
2008-07-23,21.31,22.43,51763.76
2008-07-24,23.44,23.55,54239.52
2008-07-25,22.91,23.45,54016.1
2008-07-28,24.23,24.25,55714.64
2008-07-29,22.03,22.68,52371.73
2008-07-30,21.21,21.57,50024.6
2008-07-31,22.94,22.77,52414.42
2008-08-01,22.57,22.95,52739.2
2008-08-04,23.49,22.78,52516.29
2008-08-05,21.14,21.44,50022.15
2008-08-06,20.23,20.7,48602.63
2008-08-07,21.15,21.51,50644.27
2008-08-08,20.66,20.91,49197.74
2008-08-11,20.12,20.29,48490.79
2008-08-12,21.17,21.28,50377.14
2008-08-13,21.55,21.5,51329.19
2008-08-14,20.34,20.8,49594.49
2008-08-15,19.58,20.18,48970.16
2008-08-18,20.98,20.66,49656.34
2008-08-19,21.28,21,51236.52
2008-08-20,20.42,22.45,50163.98
2008-08-21,19.82,22.19,49625.07
2008-08-22,18.81,21.59,48353.2
2008-08-25,20.97,22.64,50500.03
2008-08-26,20.49,22.4,49982.68
2008-08-27,19.76,21.8,48831.38
2008-08-28,19.43,21.12,47625.21
2008-08-29,20.65,21.7,48680.08
2008-09-02,21.99,22.08,49345.86
2008-09-03,21.43,21.64,48747.29
2008-09-04,24.03,23.78,52337.84
2008-09-05,23.06,23.08,51282.28
2008-09-08,22.64,21.99,49603.38
2008-09-09,25.47,24.22,53077.81
2008-09-10,24.52,23.59,52083.4
2008-09-11,24.39,23.83,52498.7
2008-09-12,25.66,24.68,52932.66
2008-09-15,31.7,28.84,56110.55
2008-09-16,30.3,29.68,55056.72
2008-09-17,36.22,26.61,58206.57
2008-09-18,33.1,25.31,55393.33
2008-09-19,32.07,24.74,54134.13
2008-09-22,33.85,26.56,57915.68
2008-09-23,35.72,29.02,62958.93
2008-09-24,35.19,28.65,62232.13
2008-09-25,32.82,27.74,60338.92
2008-09-26,34.74,28.64,61934.97
2008-09-29,46.72,32.69,70606.46
2008-09-30,39.39,30.66,66408.97
2008-10-01,39.81,31.87,68596.94
2008-10-02,45.26,34.1,73170.79
2008-10-03,45.14,35.67,75618.6
2008-10-06,52.05,37.37,78341.68
2008-10-07,53.68,41.83,85861.57
2008-10-08,57.53,45.56,90770.7
2008-10-09,63.92,52.3,99817.27
2008-10-10,69.95,56.71,104152.28
2008-10-13,54.99,50.64,96214.45
2008-10-14,55.13,49.05,98742.44
2008-10-15,69.25,58.18,112594.21
2008-10-16,67.61,63.88,115034.67
2008-10-17,70.33,63.25,124359.92
2008-10-20,52.97,52.31,117397.98
2008-10-21,53.11,52.8,114341.62
2008-10-22,69.65,48.33,126167.36
2008-10-23,67.8,50.02,130452.92
2008-10-24,79.13,55.82,145251
2008-10-27,80.06,59.29,153720.23
2008-10-28,66.96,53.7,140383.34
2008-10-29,69.96,56.41,146938.75
2008-10-30,62.9,55.37,144943.7
2008-10-31,59.89,54.57,144198.72
2008-11-03,53.68,51.96,139495.8
2008-11-04,47.73,46.43,127109.53
2008-11-05,54.56,50.2,135402.09
2008-11-06,63.68,57.58,151327.41
2008-11-07,56.1,54.65,147335.88
2008-11-10,59.98,56.19,150303.83
2008-11-11,61.44,58.38,154709.23
2008-11-12,66.46,63.71,166657.78
2008-11-13,59.83,56.87,155522.66
2008-11-14,66.31,62.9,167288.3
2008-11-17,69.15,67.95,176416.34
2008-11-18,67.64,67.04,179341.88
2008-11-19,74.26,62.9,196903.55
2008-11-20,80.86,66.23,207309.5
2008-11-21,72.67,62.78,196591.56
2008-11-24,64.7,58.64,184130.41
2008-11-25,60.9,57.18,179417.13
2008-11-26,54.92,53.18,168485.8
2008-11-28,55.28,53.21,168298.11
2008-12-01,68.51,60.45,189779.55
2008-12-02,62.98,57.93,183714.88
2008-12-03,60.72,57.73,183235.55
2008-12-04,63.64,60.49,191603.38
2008-12-05,59.93,58.32,186987.03
2008-12-08,58.49,55.26,179025.09
2008-12-09,58.91,56.4,181785.34
2008-12-10,55.73,55.26,178542.73
2008-12-11,55.78,55.06,180676.36
2008-12-12,54.28,54.58,178061.59
2008-12-15,56.76,55.7,179558.38
2008-12-16,52.37,52.44,170969.77
2008-12-17,49.84,52.07,170380.8
2008-12-18,47.34,50.31,164722.84
2008-12-19,44.93,47.35,155174.2
2008-12-22,44.56,45.51,149551
2008-12-23,45.02,46.15,151814.34
2008-12-24,44.21,45.73,150315.98
2008-12-26,43.38,45.15,148653.81
2008-12-29,43.9,46.34,152474.56
2008-12-30,41.63,44.18,145963.19
2008-12-31,40,41.94,138744.41
2009-01-02,39.19,38.7,128467.05
2009-01-05,39.08,39.96,130934.74
2009-01-06,38.56,39.53,129208.79
2009-01-07,43.39,43.52,140238.59
2009-01-08,42.56,42.97,140042.31
2009-01-09,42.82,44.55,144877.52
2009-01-12,45.84,48.04,156539.73
2009-01-13,43.27,46.67,153167.17
2009-01-14,49.14,51.79,166259.73
2009-01-15,51,53.26,165133.47
2009-01-16,46.11,49.65,159870.69
2009-01-20,56.65,57.9,180360.48
2009-01-21,46.42,51.13,168712.63
2009-01-22,47.29,50.54,166862.83
2009-01-23,47.27,50.16,165673.34
2009-01-26,45.69,47.55,157519.19
2009-01-27,42.25,45.16,149723.84
2009-01-28,39.66,42.31,140262.48
2009-01-29,42.63,43.38,142855.8
2009-01-30,44.84,44.99,147888.47
2009-02-02,45.52,45.35,148762.66
2009-02-03,43.06,43.15,142672.69
2009-02-04,43.85,43.75,143906.56
2009-02-05,43.73,43.25,142004.8
2009-02-06,43.37,42.6,140321.44
2009-02-09,43.64,42.5,141152.28
2009-02-10,46.67,45.6,150043.33
2009-02-11,44.53,44.6,147409.08
2009-02-12,41.25,42.55,144539.25
2009-02-13,42.93,43.6,147248.33
2009-02-17,48.66,48,153643.3
2009-02-18,48.46,44.85,156433.63
2009-02-19,47.08,44.55,155533.28
2009-02-20,49.3,46.7,162852.08
2009-02-23,52.62,49.05,170993.38
2009-02-24,45.49,44.5,156081.56
2009-02-25,44.67,43.45,152738.22
2009-02-26,44.66,44,154621.48
2009-02-27,46.35,44.45,155836.27
2009-03-02,52.65,47.85,166053.89
2009-03-03,50.93,48.45,167695.38
2009-03-04,47.56,44.75,155047.45
2009-03-05,50.17,47.35,162217.95
2009-03-06,49.33,46.65,160581.91
2009-03-09,49.68,47.05,162819.88
2009-03-10,44.37,43.15,150379.16
2009-03-11,43.61,42.65,149931.45
2009-03-12,41.18,41.1,147385.38
2009-03-13,42.36,42.1,149447.34
2009-03-16,43.74,43,154614.31
2009-03-17,40.8,40.05,147950.05
2009-03-18,40.06,40.95,146696.23
2009-03-19,43.68,43.7,156504.34
2009-03-20,45.89,47.05,168393.73
2009-03-23,43.23,43.35,155604.81
2009-03-24,42.93,44,157842.03
2009-03-25,42.25,42.75,153739.77
2009-03-26,40.36,41.45,149363.3
2009-03-27,41.04,42.95,154348.14
2009-03-30,45.54,46.35,165273.73
2009-03-31,44.14,45.05,162602.3
2009-04-01,42.28,43.65,158830.48
2009-04-02,42.04,42.95,156163.89
2009-04-03,39.7,41.7,152860.11
2009-04-06,40.93,41.95,154025.44
2009-04-07,40.39,41.65,154545.38
2009-04-08,38.85,40.6,151140.31
2009-04-09,36.53,38.3,144741.92
2009-04-13,37.81,37.05,143610.69
2009-04-14,37.67,37.85,143419.63
2009-04-15,36.17,38.8,140522.25
2009-04-16,35.79,37.35,135292.5
2009-04-17,33.94,36.6,132547.69
2009-04-20,39.18,39.5,142787.67
2009-04-21,37.14,37.9,137164.86
2009-04-22,38.1,38.45,139049.3
2009-04-23,37.15,37.8,136692.77
2009-04-24,36.82,37.8,136946.66
2009-04-27,38.32,38.75,140218.69
2009-04-28,37.95,38.2,138549.52
2009-04-29,36.08,36.45,132634.48
2009-04-30,36.5,36.95,134129.16
2009-05-01,35.3,36.35,132213.75
2009-05-04,34.53,34.8,126120.62
2009-05-05,33.36,34.6,125902.99
2009-05-06,32.45,33.05,121478.98
2009-05-07,33.44,33.7,123138.31
2009-05-08,32.05,32.2,118076.05
2009-05-11,32.87,32.45,118850.39
2009-05-12,31.8,31.95,118004.25
2009-05-13,33.65,33.4,121941.33
2009-05-14,31.37,31.6,116807.8
2009-05-15,33.12,33.15,119699.87
2009-05-18,30.24,29.85,110952.07
2009-05-19,28.8,28.5,109201.9
2009-05-20,29.03,30.5,109561.12
2009-05-21,31.35,32.2,115611.14
2009-05-22,32.63,32.75,117449.68
2009-05-26,30.62,31.15,112030.96
2009-05-27,32.36,32.1,115390.47
2009-05-28,31.67,31.55,113473.25
2009-05-29,28.92,30.35,109531.58
2009-06-01,30.04,29.6,106862.13
2009-06-02,29.63,29.6,107236.04
2009-06-03,31.02,31.15,112896.23
2009-06-04,30.18,30.8,111566.07
2009-06-05,29.62,30.55,111092.83
2009-06-08,29.77,30.25,110259.98
2009-06-09,28.27,29.1,106467.77
2009-06-10,28.46,29.1,107111.58
2009-06-11,28.11,28.1,104728.88
2009-06-12,28.15,28.35,102967.89
2009-06-15,30.81,30.2,107972.07
2009-06-16,32.68,31.85,111704.33
2009-06-17,31.54,32.65,112566.24
2009-06-18,30.03,32.4,111703.72
2009-06-19,27.99,31.35,108294.35
2009-06-22,31.17,32.75,112954.02
2009-06-23,30.58,32.05,110709.9
2009-06-24,29.05,30.6,106171.91
2009-06-25,26.36,29.1,101343.95
2009-06-26,25.93,28.55,99600.97
2009-06-29,25.35,27.45,96049.93
2009-06-30,26.35,28.05,97721.48
2009-07-01,26.22,27.65,96851.51
2009-07-02,27.95,29.3,102173.26
2009-07-06,29,29,101235.89
2009-07-07,30.85,30.25,105119.77
2009-07-08,31.3,30.8,106591.56
2009-07-09,29.78,29.75,105149.98
2009-07-10,29.02,29.8,105657.41
2009-07-13,26.31,27.55,100696.04
2009-07-14,25.02,27,98849.18
2009-07-15,25.89,26.45,95819.99
2009-07-16,25.42,25.9,94682.58
2009-07-17,24.34,25.6,94703.29
2009-07-20,24.4,24.55,92600.91
2009-07-21,23.87,24.05,90804.23
2009-07-22,23.47,27.2,88684.92
2009-07-23,23.43,26.25,85631.3
2009-07-24,23.09,26,84935.77
2009-07-27,24.28,26.35,86086.7
2009-07-28,25.01,27.3,89098.29
2009-07-29,25.61,27.65,90094.92
2009-07-30,25.4,27.05,88046.59
2009-07-31,25.92,27.25,88900.56
2009-08-03,25.56,26.45,86633.17
2009-08-04,24.89,26.3,86022.03
2009-08-05,24.9,26.05,85632.09
2009-08-06,25.67,26.6,86570.97
2009-08-07,24.76,25.65,83727.51
2009-08-10,24.99,25.6,83773.66
2009-08-11,25.99,26.2,85397.07
2009-08-12,25.45,25.55,84329.6
2009-08-13,24.71,25.05,82690.96
2009-08-14,24.27,25.2,84042.09
2009-08-17,27.89,27.6,89086.42
2009-08-18,26.18,26.35,87052.55
2009-08-19,26.26,28.35,84374.01
2009-08-20,25.09,27.8,82759.38
2009-08-21,25.01,27.35,81540.05
2009-08-24,25.14,27.4,81617.32
2009-08-25,24.92,27.75,82517.17
2009-08-26,24.95,28.3,83964.58
2009-08-27,24.68,27.8,82835.49
2009-08-28,24.76,28.1,83648.12
2009-08-31,26.01,28.5,84858
2009-09-01,29.15,30.05,88953.71
2009-09-02,28.9,30.5,90161.36
2009-09-03,27.1,28.95,86005.7
2009-09-04,25.26,27.6,83169.37
2009-09-08,25.62,26.7,80443.72
2009-09-09,24.32,25.95,78137.12
2009-09-10,23.55,24.45,74507.44
2009-09-11,24.15,24.75,75455.27
2009-09-14,23.86,23.85,73592.09
2009-09-15,23.42,23.5,73801.02
2009-09-16,23.69,25.95,70539.09
2009-09-17,23.65,26.1,70940.35
2009-09-18,23.92,26.75,72687.35
2009-09-21,24.06,26.7,72584.83
2009-09-22,23.08,26.1,71077.8
2009-09-23,23.49,26.35,71668.11
2009-09-24,24.95,26.9,73011.45
2009-09-25,25.61,27,73241.05
2009-09-28,24.88,25.85,70646.6
2009-09-29,25.19,25.9,70635.98
2009-09-30,25.61,26.3,71377.29
2009-10-01,28.27,27.8,74525.43
2009-10-02,28.68,27.85,74657.31
2009-10-05,26.84,26.8,72165.57
2009-10-06,25.7,26,70503.69
2009-10-07,24.68,25.4,69716.53
2009-10-08,24.18,25.05,68884.57
2009-10-09,23.12,24.55,67491.75
2009-10-12,23.01,24.05,65723.46
2009-10-13,22.99,23.55,65116.59
2009-10-14,22.86,23.25,64547.88
2009-10-15,21.72,22.35,63094.94
2009-10-16,21.43,22.35,63997.98
2009-10-19,21.49,21.4,62277
2009-10-20,20.9,21.1,62002.7
2009-10-21,22.22,24.55,62002.7
2009-10-22,20.69,23.65,59778.87
2009-10-23,22.27,24.05,60771.2
2009-10-26,24.31,24.55,62023.7
2009-10-27,24.83,24.65,62173.58
2009-10-28,27.91,26.65,66565.6
2009-10-29,24.76,25.05,62953.99
2009-10-30,30.69,27.85,69134.37
2009-11-02,29.78,28,69756.3
2009-11-03,28.81,28.1,70116.96
2009-11-04,27.72,27.6,69184.55
2009-11-05,25.43,25.9,66190.84
2009-11-06,24.19,25.1,64133.99
2009-11-09,23.15,23.5,60339.59
2009-11-10,22.84,23.5,60684.67
2009-11-11,23.04,23.65,60868.94
2009-11-12,24.24,24.8,63587.83
2009-11-13,23.36,24.25,62555.82
2009-11-16,22.89,23.4,61472.23
2009-11-17,22.41,22.55,61138.77
2009-11-18,21.63,24.4,58847.58
2009-11-19,22.63,24.7,59579.94
2009-11-20,22.19,24.2,58449.62
2009-11-23,21.16,22.85,55528.39
2009-11-24,20.47,22.7,55076.34
2009-11-25,20.48,22.35,54320.35
2009-11-27,24.74,24.05,58003.91
2009-11-30,24.51,24.1,58076.62
2009-12-01,21.92,23.05,55866.99
2009-12-02,21.12,22.65,55281.06
2009-12-03,22.46,23.25,56455.86
2009-12-04,21.25,22.6,55195.13
2009-12-07,22.1,22.5,54972.95
2009-12-08,23.69,23.5,56423.73
2009-12-09,22.66,23.05,56002.74
2009-12-10,22.32,22.5,55149.44
2009-12-11,21.59,22.1,54831.12
2009-12-14,21.15,21.1,53742.84
2009-12-15,21.49,21.35,53167.43
2009-12-16,20.54,24.1,50745.94
2009-12-17,22.51,24.45,51470.06
2009-12-18,21.68,24.1,50739.52
2009-12-21,20.49,23.25,49001.28
2009-12-22,19.54,22.65,47778.84
2009-12-23,19.71,22.45,47367.07
2009-12-24,19.47,22.1,46761.71
2009-12-28,19.93,21.85,46349.45
2009-12-29,20.01,22,46616.62
2009-12-30,19.96,22.4,47340.5
2009-12-31,21.68,22.95,48625.88
2010-01-04,20.04,22.1,46830.46
2010-01-05,19.35,21.55,45901.43
2010-01-06,19.16,20.8,44246.72
2010-01-07,19.06,20.45,43497.53
2010-01-08,18.13,19.9,42357.76
2010-01-11,17.55,19.5,41722.66
2010-01-12,18.25,20.25,42871.51
2010-01-13,17.85,19.4,42103.77
2010-01-14,17.63,18.95,41163.22
2010-01-15,17.91,19.65,42231.27
2010-01-19,17.58,17.85,40278.98
2010-01-20,18.68,21.4,39998.61
2010-01-21,22.27,22.65,42326.68
2010-01-22,27.31,24.75,46019.58
2010-01-25,25.41,24.35,45336.29
2010-01-26,24.55,24.55,45765.23
2010-01-27,23.14,23.75,44383.12
2010-01-28,23.73,24,44815.35
2010-01-29,24.62,24.65,45876.84
2010-02-01,22.59,23.05,43321.4
2010-02-02,21.48,22.1,41709.22
2010-02-03,21.6,22.15,41848.76
2010-02-04,26.08,25.6,46712.33
2010-02-05,26.11,26.1,47278.25
2010-02-08,26.51,26.4,47887.65
2010-02-09,26,25.55,46740.38
2010-02-10,25.4,25.5,46577.2
2010-02-11,23.96,24.45,45353.51
2010-02-12,22.73,24.45,45272.01
2010-02-16,22.25,22.6,42853.48
2010-02-17,21.72,22.75,41310.03
2010-02-18,20.63,21.8,39624
2010-02-19,20.02,21.35,38823.61
2010-02-22,19.94,20.95,38094.63
2010-02-23,21.37,21.65,39322.34
2010-02-24,20.27,21.1,38481.46
2010-02-25,20.1,20.95,38349.46
2010-02-26,19.5,20.4,37571.28
2010-03-01,19.26,20,36842.08
2010-03-02,19.06,19.8,36458.53
2010-03-03,18.83,19.6,36116.2
2010-03-04,18.72,19.6,36022.72
2010-03-05,17.42,18.55,34402.2
2010-03-08,17.79,18.35,33903.74
2010-03-09,17.92,18.5,33978.6
2010-03-10,18.57,18.6,34205.81
2010-03-11,18.06,18.6,34468.43
2010-03-12,17.58,18.35,34199.53
2010-03-15,18,18.1,34231.88
2010-03-16,17.69,17.45,33264.95
2010-03-17,16.91,20.1,31991.65
2010-03-18,16.62,19.8,31515.79
2010-03-19,16.97,20.2,32128.32
2010-03-22,16.87,19.9,31704.8
2010-03-23,16.35,19.45,31037.47
2010-03-24,17.55,19.9,31692.37
2010-03-25,18.4,20.1,32042.99
2010-03-26,17.77,19.9,31709.85
2010-03-29,17.59,19.5,31065.34
2010-03-30,17.13,19.1,30535.54
2010-03-31,17.59,18.95,30401.22
2010-04-01,17.47,18.8,30312.06
2010-04-05,17.02,18,29171.08
2010-04-06,16.23,17.45,28379.6
2010-04-07,16.62,17.9,28881.45
2010-04-08,16.48,17.45,28394.48
2010-04-09,16.14,17.2,28071.53
2010-04-12,15.58,17.1,28028.29
2010-04-13,16.2,17.15,28157.28
2010-04-14,15.59,16.7,27497.63
2010-04-15,15.89,16.7,27497.63
2010-04-16,18.36,18.2,28593.55
2010-04-19,17.34,17.4,27901.73
2010-04-20,15.73,16,26578.21
2010-04-21,16.32,18.7,26721.1
2010-04-22,16.47,18.65,26653.59
2010-04-23,16.62,18.5,26462.81
2010-04-26,17.47,18.75,26803.47
2010-04-27,22.81,21.05,29778.53
2010-04-28,21.08,20.8,29447.85
2010-04-29,18.44,19.65,28101.74
2010-04-30,22.05,21.6,30504.55
2010-05-03,20.19,20.55,29417.06
2010-05-04,23.84,23,32403.64
2010-05-05,24.91,24.15,33871.87
2010-05-06,32.8,29.2,39702.22
2010-05-07,40.95,32.95,43258.26
2010-05-10,28.84,27.45,37162.46
2010-05-11,28.32,27.1,37018.85
2010-05-12,25.52,25.05,35035.39
2010-05-13,26.68,25.85,35909.57
2010-05-14,31.24,30.1,39504.96
2010-05-17,30.84,30.3,39840.04
2010-05-18,33.55,32.7,42543.78
2010-05-19,35.32,31.65,43506
2010-05-20,45.79,35.95,49365.85
2010-05-21,40.1,35.75,49119.94
2010-05-24,38.32,35.1,48237.5
2010-05-25,34.61,33.75,46483.48
2010-05-26,35.02,32.8,45232.83
2010-05-27,29.68,29.65,41256.36
2010-05-28,32.07,30.4,42081.56
2010-06-01,35.54,32.55,44560.54
2010-06-02,30.17,29.85,41549.55
2010-06-03,29.46,29.6,41172.58
2010-06-04,35.48,33.55,45092.75
2010-06-07,36.57,35.45,47166.39
2010-06-08,33.7,33.45,45228.69
2010-06-09,33.73,33.4,45613.66
2010-06-10,30.57,30.65,42879.07
2010-06-11,28.79,29.3,41840.78
2010-06-14,28.58,28.55,41002.38
2010-06-15,25.87,25.85,38559.17
2010-06-16,25.92,27.8,37546.23
2010-06-17,25.05,27.3,36880.53
2010-06-18,23.95,26.85,36258.19
2010-06-21,24.88,27.1,36577.2
2010-06-22,27.05,28.4,38219.99
2010-06-23,26.91,28.75,38744.78
2010-06-24,29.74,30.65,41070.13
2010-06-25,28.53,29.75,40041.5
2010-06-28,29,30.15,40709.97
2010-06-29,34.13,33.5,44707.53
2010-06-30,34.54,33.9,45408.6
2010-07-01,32.86,33.35,45010.89
2010-07-02,30.12,32.05,43643.9
2010-07-06,29.65,29.8,41189.19
2010-07-07,26.84,27.6,38539.49
2010-07-08,25.71,27.05,37811.86
2010-07-09,24.98,26.55,37196.68
2010-07-12,24.43,25.85,36277.3
2010-07-13,24.56,25.8,36064.67
2010-07-14,24.89,26.75,37148.49
2010-07-15,25.14,26.5,37473.4
2010-07-16,26.25,28.1,39204.68
2010-07-19,25.97,26.8,38710.19
2010-07-20,23.93,24.4,36367.36
2010-07-21,25.64,28.85,36813.98
2010-07-22,24.63,27.3,34864.03
2010-07-23,23.47,26.6,33992.11
2010-07-26,22.73,25.55,32710.34
2010-07-27,23.19,25.45,32535.49
2010-07-28,24.25,25.75,32923.55
2010-07-29,24.13,25.75,32905.03
2010-07-30,23.5,25.45,32601.15
2010-08-02,22.01,23.85,30721.49
2010-08-03,22.63,24.1,31079.21
2010-08-04,22.21,23.75,30778.05
2010-08-05,22.1,23.8,31002.34
2010-08-06,21.74,23.7,31026.09
2010-08-09,22.14,23.1,30510.61
2010-08-10,22.37,23.25,30685.89
2010-08-11,25.39,25.7,33177.85
2010-08-12,25.73,26.15,33695.89
2010-08-13,26.24,26.75,34430.65
2010-08-16,26.1,26,33987.56
2010-08-17,24.33,24.35,32930.12
2010-08-18,24.59,29,32426.94
2010-08-19,26.44,29.9,33438.27
2010-08-20,25.49,29.6,33152.12
2010-08-23,25.66,29,32576.67
2010-08-24,27.46,29.8,33432.13
2010-08-25,26.7,29.15,32750.78
2010-08-26,27.37,29.55,33116.74
2010-08-27,24.45,27.55,31114.15
2010-08-30,27.21,28.45,32058.46
2010-08-31,26.05,27.9,31496.27
2010-09-01,23.89,25.8,29601.8
2010-09-02,23.19,25,28880.69
2010-09-03,21.31,23.6,27482.88
2010-09-07,23.8,24.45,28293.21
2010-09-08,23.25,23.85,27562.4
2010-09-09,22.81,23.75,27299.21
2010-09-10,21.99,23.05,26718.09
2010-09-13,21.21,21.7,25406.25
2010-09-14,21.56,21.7,25406.25
2010-09-15,22.1,25.2,24911.97
2010-09-16,21.72,25.1,24823.31
2010-09-17,22.01,25.05,24793.88
2010-09-20,21.5,24.35,24139.35
2010-09-21,22.35,24.45,24228.79
2010-09-22,22.51,24.95,24664.21
2010-09-23,23.87,25.8,25425.39
2010-09-24,21.71,24.2,24037.3
2010-09-27,22.54,24.35,24150.03
2010-09-28,22.6,24.3,24119.6
2010-09-29,23.25,24.7,24498.24
2010-09-30,23.7,25.45,25122.05
2010-10-01,22.5,24.75,24622.8
2010-10-04,23.53,25.15,24972.13
2010-10-05,21.76,23.65,23759.69
2010-10-06,21.49,23.25,23472.99
2010-10-07,21.56,22.95,23314.79
2010-10-08,20.71,21.95,22400.49
2010-10-11,18.96,21.3,21842.52
2010-10-12,18.93,20.65,21118.29
2010-10-13,19.07,20.65,20615.69
2010-10-14,19.88,21.55,21231.85
2010-10-15,19.03,20.95,21050.49
2010-10-18,19.09,19.85,20362.43
2010-10-19,20.63,20.95,20865.29
2010-10-20,19.79,22.6,19771.72
2010-10-21,19.27,22,19258.34
2010-10-22,18.78,21.1,18497.18
2010-10-25,19.85,20.95,18355.4
2010-10-26,20.22,21.4,18696.9
2010-10-27,20.71,21.85,19047.07
2010-10-28,20.88,21.75,19013.29
2010-10-29,21.2,21.75,18998.59
2010-11-01,21.83,21.55,18881.68
2010-11-02,21.57,21,18462.41
2010-11-03,19.56,19.8,17389.73
2010-11-04,18.52,18.5,16300.95
2010-11-05,18.26,18.55,16292.8
2010-11-08,18.29,18.7,16388
2010-11-09,19.08,18.9,16464.52
2010-11-10,18.47,18.65,16294.27
2010-11-11,18.64,18.95,16437.69
2010-11-12,20.61,20.35,17412.77
2010-11-15,20.2,19.75,17152.29
2010-11-16,22.58,22.25,17884.64
2010-11-17,21.76,22.3,17492.43
2010-11-18,18.75,20.75,16294.97
2010-11-19,18.04,20.5,16098.1
2010-11-22,18.37,19.8,15564.38
2010-11-23,20.63,20.75,16277.35
2010-11-24,19.56,19.8,15580.09
2010-11-26,22.22,21.25,16578.57
2010-11-29,21.53,21.45,16739.36
2010-11-30,23.54,23.2,17931.48
2010-12-01,21.36,21.9,17036.76
2010-12-02,19.39,19.85,15616.26
2010-12-03,18.01,19.05,15012.76
2010-12-06,18.02,18.6,14648.37
2010-12-07,17.99,18.6,14589.52
2010-12-08,17.74,18.2,14154.51
2010-12-09,17.25,18,13876.97
2010-12-10,17.61,18.05,13817.56
2010-12-13,17.55,18.3,13995.01
2010-12-14,17.61,18.7,14145.21
2010-12-15,17.94,19.05,14391.7
2010-12-16,17.39,18.4,14140.24
2010-12-17,16.11,17.6,13917.53
2010-12-20,16.41,16.75,13486.13
2010-12-21,16.49,16.75,13221.42
2010-12-22,15.45,19.25,13221.42
2010-12-23,16.47,19.85,13617.81
2010-12-27,17.67,20.45,13995.35
2010-12-28,17.52,20.55,14068.71
2010-12-29,17.28,20.25,13903.77
2010-12-30,17.52,20.1,13802.99
2010-12-31,17.75,19.7,13602.3
2011-01-03,17.61,19.3,13374.92
2011-01-04,17.38,19.1,13286.69
2011-01-05,17.02,18.7,13040.03
2011-01-06,17.4,18.65,13007.35
2011-01-07,17.14,18.7,13059.67
2011-01-10,17.54,18.65,13048.91
2011-01-11,16.89,17.95,12646.31
2011-01-12,16.24,17,12041.24
2011-01-13,16.39,16.95,11956.93
2011-01-14,15.46,16.25,11405.66
2011-01-18,15.87,15.9,11069.43
2011-01-19,17.31,18.75,11627.56
2011-01-20,17.99,18.65,11567.44
2011-01-21,18.47,18.85,11686.97
2011-01-24,17.65,18.4,11412.67
2011-01-25,17.59,18.2,11291.45
2011-01-26,16.64,17.55,10907.28
2011-01-27,16.15,17.25,10718.61
2011-01-28,20.04,19.4,11811.16
2011-01-31,19.53,19.1,11656.84
2011-02-01,17.63,17.95,11056.48
2011-02-02,17.3,18.05,11071.2
2011-02-03,16.69,17.7,10914.3
2011-02-04,15.93,17.25,10633.99
2011-02-07,16.28,16.95,10421.78
2011-02-08,15.81,16.85,10303.09
2011-02-09,15.87,16.85,10324.72
2011-02-10,16.09,16.9,10353.44
2011-02-11,15.69,16.6,10206.07
2011-02-14,15.95,16.45,10094.92
2011-02-15,16.37,16.7,10209.89
2011-02-16,16.72,18.3,10351.3
2011-02-17,16.59,18.45,10440.34
2011-02-18,16.43,18.6,10524.65
2011-02-22,20.8,21.15,11886.66
2011-02-23,22.13,22.25,12484.45
2011-02-24,21.32,21.85,12290.24
2011-02-25,19.22,20.15,11429.05
2011-02-28,18.35,19.2,10920.41
2011-03-01,21.01,21.2,11890.85
2011-03-02,20.7,21.1,11835.38
2011-03-03,18.6,19.7,11205.56
2011-03-04,19.06,20.05,11430.95
2011-03-07,20.66,21.05,11860.18
2011-03-08,19.82,20.45,11605.43
2011-03-09,20.22,21.05,11853.8
2011-03-10,21.88,22.25,12381.34
2011-03-11,20.08,21.3,11999.78
2011-03-14,21.13,21.7,12144.94
2011-03-15,24.32,24.6,12822.37
2011-03-16,29.4,24.9,13615.23
2011-03-17,26.37,24.15,13205.29
2011-03-18,24.44,23.35,12770.4
2011-03-21,20.61,21.6,11840.99
2011-03-22,20.21,21.5,11790.81
2011-03-23,19.17,20.5,11284.33
2011-03-24,18,19.95,10985.42
2011-03-25,17.91,19.75,10907.34
2011-03-28,19.44,20.3,11196.17
2011-03-29,18.16,19.6,10837.89
2011-03-30,17.71,19.25,10671.07
2011-03-31,17.74,19.3,10709.7
2011-04-01,17.4,19.05,10575.96
2011-04-04,17.5,18.7,10403.16
2011-04-05,17.25,18.55,10338.3
2011-04-06,16.9,18.35,10295.91
2011-04-07,17.11,18.4,10372.99
2011-04-08,17.87,18.65,10522.33
2011-04-11,16.59,18.4,10410.25
2011-04-12,17.09,18.7,10546.91
2011-04-13,16.92,18.3,10359.87
2011-04-14,16.27,17.9,10239.83
2011-04-15,15.32,16.75,9942.11
2011-04-18,16.96,17.3,10223.71
2011-04-19,15.83,16,9659.69
2011-04-20,15.07,18.15,9179.23
2011-04-21,14.69,17.9,9050.95
2011-04-25,15.77,17.45,8828.82
2011-04-26,15.62,17.3,8734.79
2011-04-27,15.35,17,8571.16
2011-04-28,14.62,16.75,8435.52
2011-04-29,14.75,16.7,8411.09
2011-05-02,15.99,17.25,8660.47
2011-05-03,16.7,17.7,8898.53
2011-05-04,17.08,17.95,9007.5
2011-05-05,18.2,18.3,9150.03
2011-05-06,18.4,18.15,9050.79
2011-05-09,17.16,17.45,8717.94
2011-05-10,15.91,16.65,8387.67
2011-05-11,16.95,17.2,8612.22
2011-05-12,16.03,16.65,8446.67
2011-05-13,17.07,17.35,8616.32
2011-05-16,18.24,18,8814.73
2011-05-17,17.55,17.75,8654.75
2011-05-18,16.23,18.05,8353.92
2011-05-19,15.52,17.65,8175.76
2011-05-20,17.43,18.05,8358.92
2011-05-23,18.27,18.55,8572.21
2011-05-24,17.82,18.3,8468.47
2011-05-25,17.07,17.95,8322.56
2011-05-26,16.09,17.45,8091.35
2011-05-27,15.98,17.1,7943.53
2011-05-31,15.45,16.55,7709.07
2011-06-01,18.3,17.95,8242.41
2011-06-02,18.09,17.8,8165.08
2011-06-03,17.95,17.95,8217.94
2011-06-06,18.49,18.2,8312.92
2011-06-07,18.07,18.1,8210.34
2011-06-08,18.79,18.5,8319.38
2011-06-09,17.77,17.75,8064.54
2011-06-10,18.86,18.9,8359.13
2011-06-13,19.61,19.55,8541.63
2011-06-14,18.26,18.2,8187.18
2011-06-15,21.32,20.95,8933.41
2011-06-16,22.73,21.95,9360.46
2011-06-17,21.85,21.45,9154.62
2011-06-20,19.99,20.45,8737.17
2011-06-21,18.86,19.95,8535.38
2011-06-22,18.52,20.3,8679.39
2011-06-23,19.29,19.85,8504.74
2011-06-24,21.1,21.05,8956.34
2011-06-27,20.56,20.6,8752.31
2011-06-28,19.17,19.5,8335.78
2011-06-29,17.27,18.5,7940.93
2011-06-30,16.52,17.7,7643.16
2011-07-01,15.87,16.95,7318.14
2011-07-05,16.06,16.95,7352.13
2011-07-06,16.34,17.25,7465.14
2011-07-07,15.95,16.75,7257.05
2011-07-08,15.95,17.1,7416.16
2011-07-11,18.39,18.85,8023.33
2011-07-12,19.87,19.6,8224.81
2011-07-13,19.91,19.9,8266.97
2011-07-14,20.8,20.65,8524.99
2011-07-15,19.53,20.15,8336.63
2011-07-18,20.95,21.15,8673.75
2011-07-19,19.21,19.25,8146.42
2011-07-20,19.09,19.35,7981.43
2011-07-21,17.56,18.35,7571.73
2011-07-22,17.52,18.25,7528.8
2011-07-25,19.35,19.35,7933.79
2011-07-26,20.23,19.65,8063.72
2011-07-27,22.98,21.3,8671.15
2011-07-28,23.74,21.35,8679.24
2011-07-29,25.25,21.1,8528.68
2011-08-01,23.66,20.7,8350.83
2011-08-02,24.79,22.3,8961.32
2011-08-03,23.38,22,8870.29
2011-08-04,31.66,27.45,10764.35
2011-08-05,32,29.15,11113.42
2011-08-08,48,36.55,13231.43
2011-08-09,35.06,30.5,11098.65
2011-08-10,42.99,36,12716.12
2011-08-11,39,35.15,12274.01
2011-08-12,36.36,35,12336.92
2011-08-15,31.87,32.1,11764.67
2011-08-16,32.85,33.65,11881.36
2011-08-17,31.58,27.95,12345.13
2011-08-18,42.67,33.4,14718.66
2011-08-19,43.05,35.35,15564.54
2011-08-22,42.44,36.45,16052.59
2011-08-23,36.27,34.3,15182.35
2011-08-24,35.9,33.55,14887.31
2011-08-25,39.76,34.75,15326.83
2011-08-26,35.59,34,14987.49
2011-08-29,32.28,31.65,14079.15
2011-08-30,32.89,32.5,14466.21
2011-08-31,31.62,31.65,14173.27
2011-09-01,31.82,32.15,14401.98
2011-09-02,33.92,34.5,15249.83
2011-09-06,37,35.75,15712.41
2011-09-07,33.38,33.55,14899.3
2011-09-08,34.32,34.6,15298.31
2011-09-09,38.52,38.55,16651.8
2011-09-12,38.59,38.3,16782.93
2011-09-13,36.91,37.85,16765.38
2011-09-14,34.6,35.75,16169.76
2011-09-15,31.97,33.2,15362.25
2011-09-16,30.98,32.05,15006.22
2011-09-19,32.73,33.7,15610.55
2011-09-20,32.86,33.5,15538.88
2011-09-21,37.32,35.75,16859.33
2011-09-22,41.35,38.55,18164.57
2011-09-23,41.25,39.1,18406.64
2011-09-26,39.02,37.5,17672.66
2011-09-27,37.71,36.75,17347.34
2011-09-28,41.08,39.45,18529.43
2011-09-29,38.84,38.6,18134.06
2011-09-30,42.96,42.15,19666.82
2011-10-03,45.45,45.05,21059.42
2011-10-04,40.82,40.8,19375.64
2011-10-05,37.81,38.45,18356.52
2011-10-06,36.27,37.85,18115.16
2011-10-07,36.2,37.95,18149.73
2011-10-10,33.02,34.7,16846.07
2011-10-11,32.86,34.5,16764.24
2011-10-12,31.26,32.25,15721.13
2011-10-13,30.7,32.1,15606.74
2011-10-14,28.24,29.75,14647.97
2011-10-17,33.39,34.2,16484.57
2011-10-18,31.56,32.15,15508.36
2011-10-19,34.44,33.85,16934.13
2011-10-20,34.78,34.1,17053.35
2011-10-21,31.32,31.6,15841.55
2011-10-24,29.26,29.75,14960.06
2011-10-25,32.22,32.4,16174.27
2011-10-26,29.86,30.5,15317.65
2011-10-27,25.46,26.2,13267.49
2011-10-28,24.53,26.25,13239.49
2011-10-31,29.96,29.95,14911.63
2011-11-01,34.77,33.95,16738.36
2011-11-02,32.74,32.7,16199.24
2011-11-03,30.5,30.95,15467.48
2011-11-04,30.16,31.4,15746.54
2011-11-07,29.85,31.1,15658.46
2011-11-08,27.48,28.9,14806.87
2011-11-09,36.16,36.45,17776.04
2011-11-10,32.81,33.45,16648.4
2011-11-11,30.04,31.4,15908.73
2011-11-14,31.13,32.1,16205.18
2011-11-15,31.22,32.05,16178.89
2011-11-16,33.51,32.65,17206.54
2011-11-17,34.51,33.75,17784.44
2011-11-18,32,32.35,17070.26
2011-11-21,32.91,32.95,17385.16
2011-11-22,31.97,32.3,17057.71
2011-11-23,33.98,33.6,17726.56
2011-11-25,34.47,34.5,18150.64
2011-11-28,32.13,32,16938.71
2011-11-29,30.64,31.35,16626.64
2011-11-30,27.8,28.35,15206.22
2011-12-01,27.41,27.9,14908.95
2011-12-02,27.52,27.8,14821.99
2011-12-05,27.84,27.8,14770.61
2011-12-06,28.13,28.1,14910.44
2011-12-07,28.67,28.6,15210.65
2011-12-08,30.59,30.15,15984.56
2011-12-09,26.38,27.2,14620.75
2011-12-12,25.67,27.6,14877.18
2011-12-13,25.41,27.1,14738.37
2011-12-14,26.04,27.1,14817.97
2011-12-15,25.11,26.35,14254.79
2011-12-16,24.29,26.1,14217.38
2011-12-19,24.92,25.6,13969.01
2011-12-20,23.22,23.85,13079.52
2011-12-21,21.43,24.5,12069.61
2011-12-22,21.16,25.1,12351.24
2011-12-23,20.73,25.7,12633.72
2011-12-27,21.91,25.45,12515.73
2011-12-28,23.52,26.7,13086
2011-12-29,22.65,25.95,12748.73
2011-12-30,23.4,26.7,13088.41
2012-01-03,22.97,24.8,12273.7
2012-01-04,22.22,24.2,12005.14
2012-01-05,21.48,23.75,11799.97
2012-01-06,20.63,23.05,11518.65
2012-01-09,21.07,22.85,11406.77
2012-01-10,20.69,22.35,11166.81
2012-01-11,21.05,22.95,11417.24
2012-01-12,20.47,22.2,11197.01
2012-01-13,20.91,22.55,11363.29
2012-01-17,22.2,22.45,11293.69
2012-01-18,20.89,23.2,10940.02
2012-01-19,19.87,22.55,10637.01
2012-01-20,18.28,21.85,10318.86
2012-01-23,18.67,21.3,10073.2
2012-01-24,18.91,21.2,10012.97
2012-01-25,18.31,20.6,9718.98
2012-01-26,18.57,20.55,9709.8
2012-01-27,18.53,20.15,9535.02
2012-01-30,19.4,20.7,9748.73
2012-01-31,19.44,20.9,9839.28
2012-02-01,18.55,19.85,9444.8
2012-02-02,17.98,19.15,9130.87
2012-02-03,17.1,17.95,8702.66
2012-02-06,17.76,18.1,8625.11
2012-02-07,17.65,18.4,8726.48
2012-02-08,18.16,19.2,9011.52
2012-02-09,18.63,20,9413.19
2012-02-10,20.79,21.75,10118.39
2012-02-13,19.04,19.25,9367.2
2012-02-14,19.54,19.8,9603.88
2012-02-15,21.14,24.25,10373.9
2012-02-16,19.22,22.8,9763.93
2012-02-17,17.78,22.6,9691.27
2012-02-21,18.19,22.55,9691.27
2012-02-22,18.19,21.8,9385.56
2012-02-23,16.8,20.25,8765.92
2012-02-24,17.31,21.2,9162
2012-02-27,18.19,21.55,9294.98
2012-02-28,17.96,20.85,9033.92
2012-02-29,18.43,21,9064.65
2012-03-01,17.26,20.05,8720.06
2012-03-02,17.29,20.4,8871.03
2012-03-05,18.05,20.15,8810.68
2012-03-06,20.87,22.5,9598.33
2012-03-07,19.07,20.65,8978.55
2012-03-08,17.95,19.7,8664.77
2012-03-09,17.11,19.05,8448.81
2012-03-12,15.64,17.75,8024.82
2012-03-13,14.8,17,7734.77
2012-03-14,15.31,17.8,8132.69
2012-03-15,15.42,17.05,7974.22
2012-03-16,14.47,16.15,7882.38
2012-03-19,15.04,15.55,7317.02
2012-03-20,15.58,15.65,7000.06
2012-03-21,15.13,18.1,6633.56
2012-03-22,15.57,18.35,6727.24
2012-03-23,14.82,17,6239.48
2012-03-26,14.26,15.6,5712.33
2012-03-27,15.59,17.6,6363.15
2012-03-28,15.47,17.65,6389.96
2012-03-29,15.48,17.1,6242
2012-03-30,15.5,16.8,6106.05
2012-04-02,15.64,17,6124.18
2012-04-03,15.66,17.25,6242.28
2012-04-04,16.44,17.95,6462.75
2012-04-05,16.7,18.45,6641.93
2012-04-09,18.81,19.6,6997.47
2012-04-10,20.39,21.15,7448.44
2012-04-11,20.02,20.7,7322.7
2012-04-12,17.2,18.2,6530.09
2012-04-13,19.55,19.95,7095.76
2012-04-16,19.55,19.85,6989.01
2012-04-17,18.46,18.2,6524.69
2012-04-18,18.64,20.55,6720.92
2012-04-19,18.36,20.4,6674.53
2012-04-20,17.44,19.7,6452.64
2012-04-23,18.97,20.6,6730.5
2012-04-24,18.1,19.75,6464.35
2012-04-25,16.82,18.55,6097.47
2012-04-26,16.24,18,5927.79
2012-04-27,16.32,18.05,5921.48
2012-04-30,17.15,18.45,6040.6
2012-05-01,16.6,18,5900.29
2012-05-02,16.88,18.05,5892.53
2012-05-03,17.56,18.8,6098.52
2012-05-04,19.16,20,6411.89
2012-05-07,18.94,19.35,6222.83
2012-05-08,19.05,19.55,6273.17
2012-05-09,20.08,20.5,6539.14
2012-05-10,18.83,19.35,6227.03
2012-05-11,19.89,20.1,6453.47
2012-05-14,21.87,21.95,6888.21
2012-05-15,21.97,21.85,7143.36
2012-05-16,22.27,24.4,7292.8
2012-05-17,24.49,26.2,7822.99
2012-05-18,25.1,28.2,8405.56
2012-05-21,22.01,24.25,7289.41
2012-05-22,22.48,24.95,7495.06
2012-05-23,22.33,24.8,7450.58
2012-05-24,21.54,24.25,7302.67
2012-05-25,21.76,24.55,7373.95
2012-05-29,21.03,23,6942.5
2012-05-30,24.14,25.7,7668.27
2012-05-31,24.06,26,7774.37
2012-06-01,26.66,27.75,8292.17
2012-06-04,26.12,26.95,8073.57
2012-06-05,24.68,25.6,7720.36
2012-06-06,22.16,23.4,7141.55
2012-06-07,21.72,23.05,7067.49
2012-06-08,21.23,21.7,6659.66
2012-06-11,23.56,24.55,7416.02
2012-06-12,22.09,23.45,7155.12
2012-06-13,24.27,24.95,7514.83
2012-06-14,21.68,22.95,7029.47
2012-06-15,21.11,21.5,6618.99
2012-06-18,18.32,19,6082
2012-06-19,18.38,18.45,6102.45
2012-06-20,17.24,20.45,5698.41
2012-06-21,20.08,23.35,6489.45
2012-06-22,18.11,21.85,6094.08
2012-06-25,20.38,22.45,6248.13
2012-06-26,19.72,21.75,6065.19
2012-06-27,19.45,21.7,6051.56
2012-06-28,19.71,21.35,5956.65
2012-06-29,17.08,19.55,5515.55
2012-07-02,16.8,18.15,5151.28
2012-07-03,16.66,17.7,5031.39
2012-07-05,17.5,18.8,5266.73
2012-07-06,17.1,18.25,5160.1
2012-07-09,17.98,18.4,5158.03
2012-07-10,18.72,19.25,5352.37
2012-07-11,17.95,18.3,5144.7
2012-07-12,18.33,18.5,5186
2012-07-13,16.74,17.45,4874.24
2012-07-16,17.11,17.3,4858.84
2012-07-17,16.48,16.65,4670.32
2012-07-18,16.16,18.65,4695.5
2012-07-19,15.45,18.2,4582.67
2012-07-20,16.27,19.15,4816.85
2012-07-23,18.62,20.8,5218.3
2012-07-24,20.47,21.85,5472.76
2012-07-25,19.34,21.1,5287.2
2012-07-26,17.53,19.15,4829.66
2012-07-27,16.7,18.6,4715.06
2012-07-30,18.03,19.5,4911.93
2012-07-31,18.93,19.9,5009.54
2012-08-01,18.96,19.7,4951.17
2012-08-02,17.57,18.7,4746.11
2012-08-03,15.64,17.2,4407.17
2012-08-06,15.95,16.85,4316.83
2012-08-07,15.99,17.65,4494.73
2012-08-08,15.32,16.8,4299.51
2012-08-09,15.28,16.55,4240.27
2012-08-10,14.74,16.35,4209.14
2012-08-13,13.7,15.8,4122.3
2012-08-14,14.85,16.4,4288.94
2012-08-15,14.63,16.2,4279.66
2012-08-16,14.29,15.9,4220.14
2012-08-17,13.45,15.1,4087.18
2012-08-20,14.02,14.65,4089.45
2012-08-21,15.02,14.9,4200.12
2012-08-22,15.11,19,4256.13
2012-08-23,15.96,19.3,4323.5
2012-08-24,15.18,18.55,4165.72
2012-08-27,16.35,18.8,4215.42
2012-08-28,16.49,19,4256.75
2012-08-29,17.06,19.25,4310.92
2012-08-30,17.83,19.7,4397.6
2012-08-31,17.47,18.95,4233.14
2012-09-04,17.98,18.65,4155.88
2012-09-05,17.74,18.15,4060.13
2012-09-06,15.6,16.1,3656.72
2012-09-07,14.38,15.1,3447.98
2012-09-10,16.28,16.5,3685.62
2012-09-11,16.41,16.6,3663.95
2012-09-12,15.8,15.8,3507.65
2012-09-13,14.05,14.9,3284.13
2012-09-14,14.51,15.75,3464.92
2012-09-17,14.59,15,3358.78
2012-09-18,14.18,14.3,3237.43
2012-09-19,13.88,16.05,3197.59
2012-09-20,14.07,16.4,3266.96
2012-09-21,13.98,16.05,3201.88
2012-09-24,14.15,15.9,3168.05
2012-09-25,15.43,17.15,3392.39
2012-09-26,16.81,17.75,3506.6
2012-09-27,14.84,16.1,3215.92
2012-09-28,15.73,16.4,3273.77
2012-10-01,16.32,16.95,3356.29
2012-10-02,15.71,16.6,3289.38
2012-10-03,15.43,16.5,3256.06
2012-10-04,14.55,15.8,3164.98
2012-10-05,14.33,15.75,3144.21
2012-10-08,15.11,15.9,3172.41
2012-10-09,16.37,16.7,3302.48
2012-10-10,16.29,16.75,3318.8
2012-10-11,15.59,16.2,3209.22
2012-10-12,16.14,16.65,3292.47
2012-10-15,15.27,15.7,3133.98
2012-10-16,15.22,15.5,3062.4
2012-10-17,15.07,16.45,3007.56
2012-10-18,15.03,16.7,3052.05
2012-10-19,17.06,17.6,3215.1
2012-10-22,16.62,17.35,3166.43
2012-10-23,18.83,19.2,3487.38
2012-10-24,18.33,18.75,3411.26
2012-10-25,18.12,18.3,3340.62
2012-10-26,17.81,18.25,3334.11
2012-10-31,18.6,18.95,3454.77
2012-11-01,16.69,16.9,3121.39
2012-11-02,17.59,17.8,3265.78
2012-11-05,18.42,18.1,3319.57
2012-11-06,17.58,17.05,3156.7
2012-11-07,19.08,18.85,3435.24
2012-11-08,18.49,18.5,3389.95
2012-11-09,18.61,18.6,3431.96
2012-11-12,16.68,17.1,3197.48
2012-11-13,16.65,16.95,3170.9
2012-11-14,17.92,17.85,3315.76
2012-11-15,17.99,18.05,3343.6
2012-11-16,16.41,16.75,3169.19
2012-11-19,15.24,15.25,2890.2
2012-11-20,15.08,15.15,2855.96
2012-11-21,15.31,16.45,2864.67
2012-11-23,15.14,16.1,2803.18
2012-11-26,15.5,15.6,2718.04
2012-11-27,15.92,16.15,2806.71
2012-11-28,15.51,15.5,2701.49
2012-11-29,15.06,15.25,2656.99
2012-11-30,15.87,15.55,2699.46
2012-12-03,16.64,16.4,2823.15
2012-12-04,17.12,16.5,2846.82
2012-12-05,16.46,16.1,2768.69
2012-12-06,16.58,16.4,2818.25
2012-12-07,15.9,16,2752.42
2012-12-10,16.05,16,2731.71
2012-12-11,15.57,15.55,2647
2012-12-12,15.95,16.1,2748.6
2012-12-13,16.56,16.6,2791.32
2012-12-14,17,16.85,2777.26
2012-12-17,16.34,16.2,2664.84
2012-12-18,15.57,15.55,2605.7
2012-12-19,17.36,17.1,2758.98
2012-12-20,17.67,17.5,2822.01
2012-12-21,17.84,18.25,2936.21
2012-12-24,18.59,18.65,3000.39
2012-12-26,19.48,19.5,3127.74
2012-12-27,19.47,19.1,3074.76
2012-12-28,22.72,22.35,3557.86
2012-12-31,18.02,17.7,2887.26
2013-01-02,14.68,15.6,2576.32
2013-01-03,14.56,15.9,2616.14
2013-01-04,13.83,15.3,2551.77
2013-01-07,13.79,14.75,2493.86
2013-01-08,13.62,14.65,2488.62
2013-01-09,13.81,14.7,2485.16
2013-01-10,13.49,14.2,2431.73
2013-01-11,13.36,14.15,2417.61
2013-01-14,13.52,14.1,2409.96
2013-01-15,13.55,14.2,2389.26
2013-01-16,13.42,15.5,2343.89
2013-01-17,13.57,15.7,2371.6
2013-01-18,12.46,14.65,2219.87
2013-01-22,12.43,14.05,2123.49
2013-01-23,12.46,13.7,2071.64
2013-01-24,12.69,13.95,2100.74
2013-01-25,12.89,14.1,2118.12
2013-01-28,13.57,14.6,2175.06
2013-01-29,13.31,14.05,2104.07
2013-01-30,14.32,15.15,2246.74
2013-01-31,14.28,14.9,2225.75
2013-02-01,12.9,14.3,2159.91
2013-02-04,14.67,15.3,2258.47
2013-02-05,13.72,14.4,2188.11
2013-02-06,13.41,14.15,2152.32
2013-02-07,13.5,14.1,2150.81
2013-02-08,13.02,13.8,2108.23
2013-02-11,12.94,13.5,2091.12
