,SPVXSP Index,UX1 Index,UX2 Index,VIX Index
2013-05-31,1788.98,16.05,17.15,16.3
2013-05-30,1719.79,15.4,16.55,14.53
2013-05-29,1715.47,15.4,16.4,14.83
2013-05-28,1696.96,15.2,16.35,14.48
2013-05-24,1727.44,15.5,16.5,13.99
2013-05-23,1728.02,15.5,16.55,14.07
2013-05-22,1706.1,15.3,16.4,13.82
2013-05-21,1717.25,13.55,15.4,13.37
2013-05-20,1683.86,13.3,15.1,13.02
2013-05-17,1682.96,13.2,15.1,12.45
2013-05-16,1718.04,13.95,15.35,13.07
2013-05-15,1694.41,13.7,15.15,12.81
2013-05-14,1681.87,13.55,15.05,12.77
2013-05-13,1688.97,13.65,15.1,12.55
2013-05-10,1695.41,13.85,15.1,12.59
2013-05-09,1727.93,14.2,15.35,13.13
2013-05-08,1701.09,14,15.1,12.66
2013-05-07,1680.2,13.85,14.9,12.83
2013-05-06,1686.02,13.9,14.95,12.66
2013-05-03,1723.84,14.25,15.25,12.85
2013-05-02,1756.14,14.55,15.5,13.59
2013-05-01,1818.79,15.15,15.95,14.49
2013-04-30,1743.55,14.45,15.4,13.52
2013-04-29,1772.54,14.75,15.55,13.71
2013-04-26,1778.45,14.8,15.6,13.61
2013-04-25,1775.13,14.8,15.5,13.62
2013-04-24,1758.77,14.65,15.4,13.61
2013-04-23,1749.26,14.55,15.4,13.48
2013-04-22,1837.64,15.3,16.1,14.39
2013-04-19,1915.94,15.95,16.8,14.97
2013-04-18,2060.19,17.2,17.5,17.56
2013-04-17,1970.42,16.45,16.75,16.51
2013-04-16,1766.79,13.95,14.75,13.96
2013-04-15,2000.4,16.7,16.65,17.27
2013-04-12,1681.81,12.75,14.15,12.06
2013-04-11,1725.02,13.15,14.5,12.24
2013-04-10,1723.74,13.1,14.5,12.36
2013-04-09,1789.22,13.6,15.05,12.84
2013-04-08,1795.35,13.65,15.1,13.19
2013-04-05,1858.28,14.35,15.5,13.92
2013-04-04,1856.65,14.25,15.55,13.89
2013-04-03,1893.29,14.65,15.75,14.21
2013-04-02,1807.91,13.8,15.25,12.78
2013-04-01,1877.9,14.4,15.75,13.58
2013-03-28,1855.01,14.2,15.6,12.7
2013-03-27,1876.35,14.4,15.7,13.15
2013-03-26,1854.24,14.2,15.6,12.77
2013-03-25,1894.98,14.55,15.8,13.74
2013-03-22,1926.09,14.8,16,13.57
2013-03-21,1945.44,14.95,16.15,13.99
2013-03-20,1888.83,14.5,15.95,12.67
2013-03-19,2006.07,14.8,15.4,14.39
2013-03-18,2000.09,13.7,15.4,13.36
2013-03-15,1903.42,12.55,14.7,11.3
2013-03-14,1891.88,12.55,14.6,11.3
2013-03-13,1911.78,12.95,14.7,11.83
2013-03-12,1930.67,13.25,14.8,12.27
2013-03-11,1887.14,13,14.45,11.56
2013-03-08,1980.47,13.8,15.1,12.59
2013-03-07,2011.98,14.2,15.25,13.06
2013-03-06,2062.77,14.7,15.55,13.53
2013-03-05,2054.28,14.55,15.55,13.48
2013-03-04,2104.48,15,15.85,14.01
2013-03-01,2275.02,16.4,16.95,15.36
2013-02-28,2240.86,16.15,16.7,15.51
2013-02-27,2146.8,15.4,16.1,14.73
2013-02-26,2352.4,17.05,17.35,16.87
2013-02-25,2414.13,17.65,17.5,18.99
2013-02-22,2070.19,14.85,15.7,14.17
2013-02-21,2152.65,15.5,16.15,15.22
2013-02-20,2137.45,15.4,16,14.68
2013-02-19,1940.95,13.9,14.95,12.31
2013-02-15,2025.67,14.5,15.65,12.46
2013-02-14,2033.19,14.55,15.75,12.66
2013-02-13,2060.46,14.75,15.85,12.98
2013-02-12,2067.45,13,14.8,12.64
2013-02-11,2091.12,13.5,14.95,12.94
2013-02-08,2108.23,13.8,15.05,13.02
2013-02-07,2150.81,14.1,15.35,13.5
2013-02-06,2152.32,14.15,15.35,13.41
2013-02-05,2188.11,14.4,15.6,13.72
2013-02-04,2258.47,15.3,15.9,14.67
2013-02-01,2159.91,14.3,15.4,12.9
2013-01-31,2225.75,14.9,15.75,14.28
2013-01-30,2246.74,15.15,15.8,14.32
2013-01-29,2104.07,14.05,14.95,13.31
2013-01-28,2175.06,14.6,15.35,13.57
2013-01-25,2118.12,14.1,15.15,12.89
2013-01-24,2100.74,13.95,15.1,12.69
2013-01-23,2071.64,13.7,15.05,12.46
2013-01-22,2123.49,14.05,15.4,12.43
2013-01-18,2219.87,14.65,16.3,12.46
2013-01-17,2371.6,15.7,17,13.57
2013-01-16,2343.89,15.5,17.1,13.42
2013-01-15,2389.26,14.2,15.8,13.55
2013-01-14,2409.96,14.1,15.95,13.52
2013-01-11,2417.61,14.15,16,13.36
2013-01-10,2431.73,14.2,16.1,13.49
2013-01-09,2485.16,14.7,16.4,13.81
2013-01-08,2488.62,14.65,16.45,13.62
2013-01-07,2493.86,14.75,16.45,13.79
2013-01-04,2551.77,15.3,16.7,13.83
2013-01-03,2616.14,15.9,16.95,14.56
2013-01-02,2576.32,15.6,16.75,14.68
2012-12-31,2887.26,17.7,18.5,18.02
2012-12-28,3557.86,22.35,21.95,22.72
2012-12-27,3074.76,19.1,19.4,19.47
2012-12-26,3127.74,19.5,19.55,19.48
2012-12-24,3000.39,18.65,18.95,18.59
2012-12-21,2936.21,18.25,18.55,17.84
2012-12-20,2822.01,17.5,18.15,17.67
2012-12-19,2758.98,17.1,17.9,17.36
2012-12-18,2605.7,15.55,16.15,15.57
2012-12-17,2664.84,16.2,16.5,16.34
2012-12-14,2777.26,16.85,17.2,17
2012-12-13,2791.32,16.6,17.35,16.56
2012-12-12,2748.6,16.1,17.15,15.95
2012-12-11,2647,15.55,16.5,15.57
2012-12-10,2731.71,16,17.05,16.05
2012-12-07,2752.42,16,17.25,15.9
2012-12-06,2818.25,16.4,17.65,16.58
2012-12-05,2768.69,16.1,17.35,16.46
2012-12-04,2846.82,16.5,17.9,17.12
2012-12-03,2823.15,16.4,17.7,16.64
2012-11-30,2699.46,15.55,17.15,15.87
2012-11-29,2656.99,15.25,17,15.06
2012-11-28,2701.49,15.5,17.3,15.51
2012-11-27,2806.71,16.15,17.8,15.92
2012-11-26,2718.04,15.6,17.45,15.5
2012-11-23,2803.18,16.1,17.9,15.14
2012-11-21,2864.67,16.45,18.35,15.31
2012-11-20,2855.96,15.15,16.4,15.08
2012-11-19,2890.2,15.25,16.6,15.24
2012-11-16,3169.19,16.75,18.2,16.41
2012-11-15,3343.6,18.05,19.15,17.99
2012-11-14,3315.76,17.85,19,17.92
2012-11-13,3170.9,16.95,18.2,16.65
2012-11-12,3197.48,17.1,18.35,16.68
2012-11-09,3431.96,18.6,19.6,18.61
2012-11-08,3389.95,18.5,19.3,18.49
2012-11-07,3435.24,18.85,19.5,19.08
2012-11-06,3156.7,17.05,18.1,17.58
2012-11-05,3319.57,18.1,18.9,18.42
2012-11-02,3265.78,17.8,18.6,17.59
2012-11-01,3121.39,16.9,17.9,16.69
2012-10-31,3454.77,18.95,19.5,18.6
2012-10-26,3334.11,18.25,18.9,17.81
2012-10-25,3340.62,18.3,18.9,18.12
2012-10-24,3411.26,18.75,19.1,18.33
2012-10-23,3487.38,19.2,19.4,18.83
2012-10-22,3166.43,17.35,18.05,16.62
2012-10-19,3215.1,17.6,18.45,17.06
2012-10-18,3052.05,16.7,17.6,15.03
2012-10-17,3007.56,16.45,17.5,15.07
2012-10-16,3062.4,15.5,16.75,15.22
2012-10-15,3133.98,15.7,17.15,15.27
2012-10-12,3292.47,16.65,18,16.14
2012-10-11,3209.22,16.2,17.55,15.59
2012-10-10,3318.8,16.75,18.15,16.29
2012-10-09,3302.48,16.7,18.05,16.37
2012-10-08,3172.41,15.9,17.4,15.11
2012-10-05,3144.21,15.75,17.25,14.33
2012-10-04,3164.98,15.8,17.4,14.55
2012-10-03,3256.06,16.5,17.7,15.43
2012-10-02,3289.38,16.6,17.95,15.71
2012-10-01,3356.29,16.95,18.3,16.32
2012-09-28,3273.77,16.4,18.05,15.73
2012-09-27,3215.92,16.1,17.75,14.84
2012-09-26,3506.6,17.75,18.9,16.81
2012-09-25,3392.39,17.15,18.35,15.43
2012-09-24,3168.05,15.9,17.6,14.15
2012-09-21,3201.88,16.05,17.9,13.98
2012-09-20,3266.96,16.4,18.05,14.07
2012-09-19,3197.59,16.05,17.7,13.88
2012-09-18,3237.43,14.3,16.25,14.18
2012-09-17,3358.78,15,16.85,14.59
2012-09-14,3464.92,15.75,17.35,14.51
2012-09-13,3284.13,14.9,16.45,14.05
2012-09-12,3507.65,15.8,17.6,15.8
2012-09-11,3663.95,16.6,18.35,16.41
2012-09-10,3685.62,16.5,18.55,16.28
2012-09-07,3447.98,15.1,17.55,14.38
2012-09-06,3656.72,16.1,18.55,15.6
2012-09-05,4060.13,18.15,20.35,17.74
2012-09-04,4155.88,18.65,20.75,17.98
2012-08-31,4233.14,18.95,21.2,17.47
2012-08-30,4397.6,19.7,22,17.83
2012-08-29,4310.92,19.25,21.7,17.06
2012-08-28,4256.75,19,21.45,16.49
2012-08-27,4215.42,18.8,21.3,16.35
2012-08-24,4165.72,18.55,21.2,15.18
2012-08-23,4323.5,19.3,21.6,15.96
2012-08-22,4256.13,19,21.25,15.11
2012-08-21,4200.12,14.9,18.75,15.02
2012-08-20,4089.45,14.65,18.25,14.02
2012-08-17,4087.18,15.1,18.2,13.45
2012-08-16,4220.14,15.9,18.75,14.29
2012-08-15,4279.66,16.2,19,14.63
2012-08-14,4288.94,16.4,19,14.85
2012-08-13,4122.3,15.8,18.25,13.7
2012-08-10,4209.14,16.35,18.55,14.74
2012-08-09,4240.27,16.55,18.65,15.28
2012-08-08,4299.51,16.8,18.9,15.32
2012-08-07,4494.73,17.65,19.7,15.99
2012-08-06,4316.83,16.85,19,15.95
2012-08-03,4407.17,17.2,19.4,15.64
2012-08-02,4746.11,18.7,20.7,17.57
2012-08-01,4951.17,19.7,21.35,18.96
2012-07-31,5009.54,19.9,21.65,18.93
2012-07-30,4911.93,19.5,21.25,18.03
2012-07-27,4715.06,18.6,20.65,16.7
2012-07-26,4829.66,19.15,20.9,17.53
2012-07-25,5287.2,21.1,22.45,19.34
2012-07-24,5472.76,21.85,23.2,20.47
2012-07-23,5218.3,20.8,22.3,18.62
2012-07-20,4816.85,19.15,20.95,16.27
2012-07-19,4582.67,18.2,20.15,15.45
2012-07-18,4695.5,18.65,20.6,16.16
2012-07-17,4670.32,16.65,18.55,16.48
2012-07-16,4858.84,17.3,19.3,17.11
2012-07-13,4874.24,17.45,19.35,16.74
2012-07-12,5186,18.5,20.6,18.33
2012-07-11,5144.7,18.3,20.45,17.95
2012-07-10,5352.37,19.25,21.2,18.72
2012-07-09,5158.03,18.4,20.5,17.98
2012-07-06,5160.1,18.25,20.6,17.1
2012-07-05,5266.73,18.8,20.9,17.5
2012-07-03,5031.39,17.7,20.2,16.66
2012-07-02,5151.28,18.15,20.65,16.8
2012-06-29,5515.55,19.55,21.95,17.08
2012-06-28,5956.65,21.35,23.3,19.71
2012-06-27,6051.56,21.7,23.65,19.45
2012-06-26,6065.19,21.75,23.7,19.72
2012-06-25,6248.13,22.45,24.25,20.38
2012-06-22,6094.08,21.85,23.9,18.11
2012-06-21,6489.45,23.35,24.75,20.08
2012-06-20,5698.41,20.45,22.7,17.24
2012-06-19,6102.45,18.45,21.9,18.38
2012-06-18,6082,19,21.8,18.32
2012-06-15,6618.99,21.5,23.65,21.11
2012-06-14,7029.47,22.95,25.1,21.68
2012-06-13,7514.83,24.95,26.75,24.27
2012-06-12,7155.12,23.45,25.55,22.09
2012-06-11,7416.02,24.55,26.4,23.56
2012-06-08,6659.66,21.7,23.85,21.23
2012-06-07,7067.49,23.05,25.3,21.72
2012-06-06,7141.55,23.4,25.5,22.16
2012-06-05,7720.36,25.6,27.35,24.68
2012-06-04,8073.57,26.95,28.45,26.12
2012-06-01,8292.17,27.75,29.15,26.66
2012-05-31,7774.37,26,27.35,24.06
2012-05-30,7668.27,25.7,26.9,24.14
2012-05-29,6942.5,23,24.8,21.03
2012-05-25,7373.95,24.55,26.1,21.76
2012-05-24,7302.67,24.25,26,21.54
2012-05-23,7450.58,24.8,26.35,22.33
2012-05-22,7495.06,24.95,26.5,22.48
2012-05-21,7289.41,24.25,25.85,22.01
2012-05-18,8405.56,28.2,28.15,25.1
2012-05-17,7822.99,26.2,26.7,24.49
2012-05-16,7292.8,24.4,25.45,22.27
2012-05-15,7143.36,21.85,23.9,21.97
2012-05-14,6888.21,21.95,23,21.87
2012-05-11,6453.47,20.1,21.6,19.89
2012-05-10,6227.03,19.35,20.85,18.83
2012-05-09,6539.14,20.5,21.85,20.08
2012-05-08,6273.17,19.55,21,19.05
2012-05-07,6222.83,19.35,20.85,18.94
2012-05-04,6411.89,20,21.45,19.16
2012-05-03,6098.52,18.8,20.55,17.56
2012-05-02,5892.53,18.05,19.95,16.88
2012-05-01,5900.29,18,20.05,16.6
2012-04-30,6040.6,18.45,20.5,17.15
2012-04-27,5921.48,18.05,20.15,16.32
2012-04-26,5927.79,18,20.3,16.24
2012-04-25,6097.47,18.55,20.8,16.82
2012-04-24,6464.35,19.75,21.8,18.1
2012-04-23,6730.5,20.6,22.55,18.97
2012-04-20,6452.64,19.7,21.9,17.44
2012-04-19,6674.53,20.4,22.45,18.36
2012-04-18,6720.92,20.55,22.45,18.64
2012-04-17,6524.69,18.2,19.95,18.46
2012-04-16,6989.01,19.85,21.35,19.55
2012-04-13,7095.76,19.95,21.7,19.55
2012-04-12,6530.09,18.2,20,17.2
2012-04-11,7322.7,20.7,22.35,20.02
2012-04-10,7448.44,21.15,22.7,20.39
2012-04-09,6997.47,19.6,21.45,18.81
2012-04-05,6641.93,18.45,20.45,16.7
2012-04-04,6462.75,17.95,19.9,16.44
2012-04-03,6242.28,17.25,19.3,15.66
2012-04-02,6124.18,17,18.85,15.64
2012-03-30,6106.05,16.8,19,15.5
2012-03-29,6242,17.1,19.55,15.48
2012-03-28,6389.96,17.65,19.7,15.47
2012-03-27,6363.15,17.6,19.55,15.59
2012-03-26,5712.33,15.6,18.3,14.26
2012-03-23,6239.48,17,20.2,14.82
2012-03-22,6727.24,18.35,21.6,15.57
2012-03-21,6633.56,18.1,21.2,15.13
2012-03-20,7000.06,15.65,19.1,15.58
2012-03-19,7317.02,15.55,20,15.04
2012-03-16,7882.38,16.15,21.6,14.47
2012-03-15,7974.22,17.05,21.75,15.42
2012-03-14,8132.69,17.8,22.1,15.31
2012-03-13,7734.77,17,21,14.8
2012-03-12,8024.82,17.75,21.75,15.64
2012-03-09,8448.81,19.05,22.75,17.11
2012-03-08,8664.77,19.7,23.25,17.95
2012-03-07,8978.55,20.65,23.95,19.07
2012-03-06,9598.33,22.5,25.3,20.87
2012-03-05,8810.68,20.15,23.65,18.05
2012-03-02,8871.03,20.4,23.7,17.29
2012-03-01,8720.06,20.05,23.3,17.26
2012-02-29,9064.65,21,24,18.43
2012-02-28,9033.92,20.85,24.05,17.96
2012-02-27,9294.98,21.55,24.55,18.19
2012-02-24,9162,21.2,24.3,17.31
2012-02-23,8765.92,20.25,23.35,16.8
2012-02-22,9385.56,21.8,24.55,18.19
2012-02-21,9691.27,22.55,25.15,18.19
2012-02-17,9691.27,22.6,24.8,17.78
2012-02-16,9763.93,22.8,24.65,19.22
2012-02-15,10373.9,24.25,25.6,21.14
2012-02-14,9603.88,19.8,22.45,19.54
2012-02-13,9367.2,19.25,21.9,19.04
2012-02-10,10118.39,21.75,23.55,20.79
2012-02-09,9413.19,20,21.95,18.63
2012-02-08,9011.52,19.2,21,18.16
2012-02-07,8726.48,18.4,20.4,17.65
2012-02-06,8625.11,18.1,20.2,17.76
2012-02-03,8702.66,17.95,20.55,17.1
2012-02-02,9130.87,19.15,21.35,17.98
2012-02-01,9444.8,19.85,22.05,18.55
2012-01-31,9839.28,20.9,22.75,19.44
2012-01-30,9748.73,20.7,22.55,19.4
2012-01-27,9535.02,20.15,22.2,18.53
2012-01-26,9709.8,20.55,22.55,18.57
2012-01-25,9718.98,20.6,22.5,18.31
2012-01-24,10012.97,21.2,23.25,18.91
2012-01-23,10073.2,21.3,23.5,18.67
2012-01-20,10318.86,21.85,23.9,18.28
2012-01-19,10637.01,22.55,24.4,19.87
2012-01-18,10940.02,23.2,24.95,20.89
2012-01-17,11293.69,22.45,23.95,22.2
2012-01-13,11363.29,22.55,24.1,20.91
2012-01-12,11197.01,22.2,23.75,20.47
2012-01-11,11417.24,22.95,24.15,21.05
2012-01-10,11166.81,22.35,23.65,20.69
2012-01-09,11406.77,22.85,24.15,21.07
2012-01-06,11518.65,23.05,24.4,20.63
2012-01-05,11799.97,23.75,24.9,21.48
2012-01-04,12005.14,24.2,25.3,22.22
2012-01-03,12273.7,24.8,25.8,22.97
2011-12-30,13088.41,26.7,27.15,23.4
2011-12-29,12748.73,25.95,26.55,22.65
2011-12-28,13086,26.7,27.1,23.52
2011-12-27,12515.73,25.45,26.2,21.91
2011-12-23,12633.72,25.7,26.4,20.73
2011-12-22,12351.24,25.1,26,21.16
2011-12-21,12069.61,24.5,25.85,21.43
2011-12-20,13079.52,23.85,26.55,23.22
2011-12-19,13969.01,25.6,28.35,24.92
2011-12-16,14217.38,26.1,28.85,24.29
2011-12-15,14254.79,26.35,28.9,25.11
2011-12-14,14817.97,27.1,30.1,26.04
2011-12-13,14738.37,27.1,29.9,25.41
2011-12-12,14877.18,27.6,30.1,25.67
2011-12-09,14620.75,27.2,29.55,26.38
2011-12-08,15984.56,30.15,32.1,30.59
2011-12-07,15210.65,28.6,30.6,28.67
2011-12-06,14910.44,28.1,29.95,28.13
2011-12-05,14770.61,27.8,29.7,27.84
2011-12-02,14821.99,27.8,29.9,27.52
2011-12-01,14908.95,27.9,30.15,27.41
2011-11-30,15206.22,28.35,30.9,27.8
2011-11-29,16626.64,31.35,33.2,30.64
2011-11-28,16938.71,32,33.7,32.13
2011-11-25,18150.64,34.5,35.6,34.47
2011-11-23,17726.56,33.6,35.05,33.98
2011-11-22,17057.71,32.3,33.85,31.97
2011-11-21,17385.16,32.95,34.35,32.91
2011-11-18,17070.26,32.35,33.75,32
2011-11-17,17784.44,33.75,34.65,34.51
2011-11-16,17206.54,32.65,33.6,33.51
2011-11-15,16178.89,32.05,30.7,31.22
2011-11-14,16205.18,32.1,30.75,31.13
2011-11-11,15908.73,31.4,30.2,30.04
2011-11-10,16648.4,33.45,31.5,32.81
2011-11-09,17776.04,36.45,33.45,36.16
2011-11-08,14806.87,28.9,28.35,27.48
2011-11-07,15658.46,31.1,29.75,29.85
2011-11-04,15746.54,31.4,29.85,30.16
2011-11-03,15467.48,30.95,29.25,30.5
2011-11-02,16199.24,32.7,30.4,32.74
2011-11-01,16738.36,33.95,31.25,34.77
2011-10-31,14911.63,29.95,28.2,29.96
2011-10-28,13239.49,26.25,25.55,24.53
2011-10-27,13267.49,26.2,25.8,25.46
2011-10-26,15317.65,30.5,29.2,29.86
2011-10-25,16174.27,32.4,30.25,32.22
2011-10-24,14960.06,29.75,28.85,29.26
2011-10-21,15841.55,31.6,30,31.32
2011-10-20,17053.35,34.1,31.55,34.78
2011-10-19,16934.13,33.85,31.55,34.44
2011-10-18,15508.36,32.15,31,31.56
2011-10-17,16484.57,34.2,32.95,33.39
2011-10-14,14647.97,29.75,29.35,28.24
2011-10-13,15606.74,32.1,31.2,30.7
2011-10-12,15721.13,32.25,31.45,31.26
2011-10-11,16764.24,34.5,33.5,32.86
2011-10-10,16846.07,34.7,33.65,33.02
2011-10-07,18149.73,37.95,35.95,36.2
2011-10-06,18115.16,37.85,35.9,36.27
2011-10-05,18356.52,38.45,36.3,37.81
2011-10-04,19375.64,40.8,38.1,40.82
2011-10-03,21059.42,45.05,40.55,45.45
2011-09-30,19666.82,42.15,37.75,42.96
2011-09-29,18134.06,38.6,35.3,38.84
2011-09-28,18529.43,39.45,36.05,41.08
2011-09-27,17347.34,36.75,34.3,37.71
2011-09-26,17672.66,37.5,34.7,39.02
2011-09-23,18406.64,39.1,35.9,41.25
2011-09-22,18164.57,38.55,35.75,41.35
2011-09-21,16859.33,35.75,33.75,37.32
2011-09-20,15538.88,33.5,32.95,32.86
2011-09-19,15610.55,33.7,33.1,32.73
2011-09-16,15006.22,32.05,31.85,30.98
2011-09-15,15362.25,33.2,32.55,31.97
2011-09-14,16169.76,35.75,34.1,34.6
2011-09-13,16765.38,37.85,35.15,36.91
2011-09-12,16782.93,38.3,35.05,38.59
2011-09-09,16651.8,38.55,34.55,38.52
2011-09-08,15298.31,34.6,32.15,34.32
2011-09-07,14899.3,33.55,31.4,33.38
2011-09-06,15712.41,35.75,32.85,37
2011-09-02,15249.83,34.5,32.05,33.92
2011-09-01,14401.98,32.15,30.7,31.82
2011-08-31,14173.27,31.65,30.2,31.62
2011-08-30,14466.21,32.5,30.55,32.89
2011-08-29,14079.15,31.65,29.7,32.28
2011-08-26,14987.49,34,31,35.59
2011-08-25,15326.83,34.75,31.75,39.76
2011-08-24,14887.31,33.55,31.45,35.9
2011-08-23,15182.35,34.3,31.75,36.27
2011-08-22,16052.59,36.45,32.65,42.44
2011-08-19,15564.54,35.35,31.6,43.05
2011-08-18,14718.66,33.4,30.2,42.67
2011-08-17,12345.13,27.95,26.8,31.58
2011-08-16,11881.36,33.65,26.9,32.85
2011-08-15,11764.67,32.1,26.7,31.87
2011-08-12,12336.92,35,27.85,36.36
2011-08-11,12274.01,35.15,27.65,39
2011-08-10,12716.12,36,28.75,42.99
2011-08-09,11098.65,30.5,25.4,35.06
2011-08-08,13231.43,36.55,30.2,48
2011-08-05,11113.42,29.15,26.2,32
2011-08-04,10764.35,27.45,25.9,31.66
2011-08-03,8870.29,22,21.85,23.38
2011-08-02,8961.32,22.3,22,24.79
2011-08-01,8350.83,20.7,20.6,23.66
2011-07-29,8528.68,21.1,21.1,25.25
2011-07-28,8679.24,21.35,21.7,23.74
2011-07-27,8671.15,21.3,21.75,22.98
2011-07-26,8063.72,19.65,20.7,20.23
2011-07-25,7933.79,19.35,20.3,19.35
2011-07-22,7528.8,18.25,19.9,17.52
2011-07-21,7571.73,18.35,20.05,17.56
2011-07-20,7981.43,19.35,21,19.09
2011-07-19,8146.42,19.25,19.75,19.21
2011-07-18,8673.75,21.15,21,20.95
2011-07-15,8336.63,20.15,20.2,19.53
2011-07-14,8524.99,20.65,20.65,20.8
2011-07-13,8266.97,19.9,20.05,19.91
2011-07-12,8224.81,19.6,20,19.87
2011-07-11,8023.33,18.85,19.6,18.39
2011-07-08,7416.16,17.1,18.25,15.95
2011-07-07,7257.05,16.75,17.85,15.95
2011-07-06,7465.14,17.25,18.35,16.34
2011-07-05,7352.13,16.95,18.1,16.06
2011-07-01,7318.14,16.95,17.95,15.87
2011-06-30,7643.16,17.7,18.75,16.52
2011-06-29,7940.93,18.5,19.35,17.27
2011-06-28,8335.78,19.5,20.2,19.17
2011-06-27,8752.31,20.6,21,20.56
2011-06-24,8956.34,21.05,21.55,21.1
2011-06-23,8504.74,19.85,20.8,19.29
2011-06-22,8679.39,20.3,21.1,18.52
2011-06-21,8535.38,19.95,20.8,18.86
2011-06-20,8737.17,20.45,21.15,19.99
2011-06-17,9154.62,21.45,22,21.85
2011-06-16,9360.46,21.95,22.3,22.73
2011-06-15,8933.41,20.95,21.25,21.32
2011-06-14,8187.18,18.2,19.2,18.26
2011-06-13,8541.63,19.55,20,19.61
2011-06-10,8359.13,18.9,19.6,18.86
2011-06-09,8064.54,17.75,19,17.77
2011-06-08,8319.38,18.5,19.55,18.79
2011-06-07,8210.34,18.1,19.35,18.07
2011-06-06,8312.92,18.2,19.65,18.49
2011-06-03,8217.94,17.95,19.45,17.95
2011-06-02,8165.08,17.8,19.35,18.09
2011-06-01,8242.41,17.95,19.55,18.3
2011-05-31,7709.07,16.55,18.55,15.45
2011-05-27,7943.53,17.1,19.05,15.98
2011-05-26,8091.35,17.45,19.35,16.09
2011-05-25,8322.56,17.95,19.9,17.07
2011-05-24,8468.47,18.3,20.15,17.82
2011-05-23,8572.21,18.55,20.3,18.27
2011-05-20,8358.92,18.05,20,17.43
2011-05-19,8175.76,17.65,19.6,15.52
2011-05-18,8353.92,18.05,19.75,16.23
2011-05-17,8654.75,17.75,18.7,17.55
2011-05-16,8814.73,18,19.05,18.24
2011-05-13,8616.32,17.35,18.65,17.07
2011-05-12,8446.67,16.65,18.35,16.03
2011-05-11,8612.22,17.2,18.65,16.95
2011-05-10,8387.67,16.65,18.2,15.91
2011-05-09,8717.94,17.45,18.85,17.16
2011-05-06,9050.79,18.15,19.55,18.4
2011-05-05,9150.03,18.3,19.8,18.2
2011-05-04,9007.5,17.95,19.55,17.08
2011-05-03,8898.53,17.7,19.35,16.7
2011-05-02,8660.47,17.25,18.8,15.99
2011-04-29,8411.09,16.7,18.35,14.75
2011-04-28,8435.52,16.75,18.4,14.62
2011-04-27,8571.16,17,18.75,15.35
2011-04-26,8734.79,17.3,19.2,15.62
2011-04-25,8828.82,17.45,19.6,15.77
2011-04-21,9050.95,17.9,20,14.69
2011-04-20,9179.23,18.15,20.35,15.07
2011-04-19,9659.69,16,19.1,15.83
2011-04-18,10223.71,17.3,20.2,16.96
2011-04-15,9942.11,16.75,19.65,15.32
2011-04-14,10239.83,17.9,20.15,16.27
2011-04-13,10359.87,18.3,20.35,16.92
2011-04-12,10546.91,18.7,20.7,17.09
2011-04-11,10410.25,18.4,20.45,16.59
2011-04-08,10522.33,18.65,20.65,17.87
2011-04-07,10372.99,18.4,20.35,17.11
2011-04-06,10295.91,18.35,20.15,16.9
2011-04-05,10338.3,18.55,20.15,17.25
2011-04-04,10403.16,18.7,20.25,17.5
2011-04-01,10575.96,19.05,20.55,17.4
2011-03-31,10709.7,19.3,20.8,17.74
2011-03-30,10671.07,19.25,20.7,17.71
2011-03-29,10837.89,19.6,20.95,18.16
2011-03-28,11196.17,20.3,21.55,19.44
2011-03-25,10907.34,19.75,21.05,17.91
2011-03-24,10985.42,19.95,21.05,18
2011-03-23,11284.33,20.5,21.6,19.17
2011-03-22,11790.81,21.5,22.25,20.21
2011-03-21,11840.99,21.6,22.3,20.61
2011-03-18,12770.4,23.35,23.65,24.44
2011-03-17,13205.29,24.15,24.4,26.37
2011-03-16,13615.23,24.9,25.15,29.4
2011-03-15,12822.37,24.6,23.45,24.32
2011-03-14,12144.94,21.7,22.3,21.13
2011-03-11,11999.78,21.3,22.05,20.08
2011-03-10,12381.34,22.25,22.7,21.88
2011-03-09,11853.8,21.05,21.8,20.22
2011-03-08,11605.43,20.45,21.4,19.82
2011-03-07,11860.18,21.05,21.8,20.66
2011-03-04,11430.95,20.05,21.15,19.06
2011-03-03,11205.56,19.7,20.7,18.6
2011-03-02,11835.38,21.1,21.6,20.7
2011-03-01,11890.85,21.2,21.7,21.01
2011-02-28,10920.41,19.2,20.3,18.35
2011-02-25,11429.05,20.15,21.15,19.22
2011-02-24,12290.24,21.85,22.35,21.32
2011-02-23,12484.45,22.25,22.55,22.13
2011-02-22,11886.66,21.15,21.6,20.8
2011-02-18,10524.65,18.6,19.8,16.43
2011-02-17,10440.34,18.45,19.65,16.59
2011-02-16,10351.3,18.3,19.35,16.72
2011-02-15,10209.89,16.7,18.05,16.37
2011-02-14,10094.92,16.45,17.85,15.95
2011-02-11,10206.07,16.6,18.05,15.69
2011-02-10,10353.44,16.9,18.3,16.09
2011-02-09,10324.72,16.85,18.25,15.87
2011-02-08,10303.09,16.85,18.2,15.81
2011-02-07,10421.78,16.95,18.45,16.28
2011-02-04,10633.99,17.25,18.85,15.93
2011-02-03,10914.3,17.7,19.35,16.69
2011-02-02,11071.2,18.05,19.55,17.3
2011-02-01,11056.48,17.95,19.6,17.63
2011-01-31,11656.84,19.1,20.45,19.53
2011-01-28,11811.16,19.4,20.65,20.04
2011-01-27,10718.61,17.25,19.4,16.15
2011-01-26,10907.28,17.55,19.75,16.64
2011-01-25,11291.45,18.2,20.35,17.59
2011-01-24,11412.67,18.4,20.55,17.65
2011-01-21,11686.97,18.85,21,18.47
2011-01-20,11567.44,18.65,20.85,17.99
2011-01-19,11627.56,18.75,20.9,17.31
2011-01-18,11069.43,15.9,17.85,15.87
2011-01-14,11405.66,16.25,18.4,15.46
2011-01-13,11956.93,16.95,19.3,16.39
2011-01-12,12041.24,17,19.45,16.24
2011-01-11,12646.31,17.95,20.4,16.89
2011-01-10,13048.91,18.65,21,17.54
2011-01-07,13059.67,18.7,21,17.14
2011-01-06,13007.35,18.65,20.9,17.4
2011-01-05,13040.03,18.7,20.95,17.02
2011-01-04,13286.69,19.1,21.3,17.38
2011-01-03,13374.92,19.3,21.35,17.61
2010-12-31,13602.3,19.7,21.6,17.75
2010-12-30,13802.99,20.1,21.7,17.52
2010-12-29,13903.77,20.25,21.85,17.28
2010-12-28,14068.71,20.55,21.9,17.52
2010-12-27,13995.35,20.45,21.75,17.67
2010-12-23,13617.81,19.85,21.55,16.47
2010-12-22,13221.42,19.25,21.3,15.45
2010-12-21,13221.42,16.75,19.25,16.49
2010-12-20,13486.13,16.75,19.65,16.41
2010-12-17,13917.53,17.6,20.25,16.11
2010-12-16,14140.24,18.4,20.5,17.39
2010-12-15,14391.7,19.05,20.8,17.94
2010-12-14,14145.21,18.7,20.45,17.61
2010-12-13,13995.01,18.3,20.3,17.55
2010-12-10,13817.56,18.05,20.05,17.61
2010-12-09,13876.97,18,20.2,17.25
2010-12-08,14154.51,18.2,20.7,17.74
2010-12-07,14589.52,18.6,21.45,17.99
2010-12-06,14648.37,18.6,21.6,18.02
2010-12-03,15012.76,19.05,22.15,18.01
2010-12-02,15616.26,19.85,23,19.39
2010-12-01,17036.76,21.9,24.75,21.36
2010-11-30,17931.48,23.2,25.8,23.54
2010-11-29,16739.36,21.45,24.5,21.53
2010-11-26,16578.57,21.25,24.25,22.22
2010-11-24,15580.09,19.8,23.3,19.56
2010-11-23,16277.35,20.75,24.1,20.63
2010-11-22,15564.38,19.8,23.25,18.37
2010-11-19,16098.1,20.5,23.9,18.04
2010-11-18,16294.97,20.75,24.2,18.75
2010-11-17,17492.43,22.3,25.4,21.76
2010-11-16,17884.64,22.25,22.8,22.58
2010-11-15,17152.29,19.75,21.95,20.2
2010-11-12,17412.77,20.35,22.25,20.61
2010-11-11,16437.69,18.95,21.05,18.64
2010-11-10,16294.27,18.65,20.9,18.47
2010-11-09,16464.52,18.9,21.1,19.08
2010-11-08,16388,18.7,21.05,18.29
2010-11-05,16292.8,18.55,20.95,18.26
2010-11-04,16300.95,18.5,21,18.52
2010-11-03,17389.73,19.8,22.35,19.56
2010-11-02,18462.41,21,23.75,21.57
2010-11-01,18881.68,21.55,24.2,21.83
2010-10-29,18998.59,21.75,24.25,21.2
2010-10-28,19013.29,21.75,24.3,20.88
2010-10-27,19047.07,21.85,24.2,20.71
2010-10-26,18696.9,21.4,23.9,20.22
2010-10-25,18355.4,20.95,23.7,19.85
2010-10-22,18497.18,21.1,23.95,18.78
2010-10-21,19258.34,22,24.65,19.27
2010-10-20,19771.72,22.6,25.05,19.79
2010-10-19,20865.29,20.95,23.85,20.63
2010-10-18,20362.43,19.85,23.3,19.09
2010-10-15,21050.49,20.95,24.05,19.03
2010-10-14,21231.85,21.55,24.2,19.88
2010-10-13,20615.69,20.65,23.55,19.07
2010-10-12,21118.29,20.65,24.25,18.93
2010-10-11,21842.52,21.3,25.1,18.96
2010-10-08,22400.49,21.95,25.7,20.71
2010-10-07,23314.79,22.95,26.7,21.56
2010-10-06,23472.99,23.25,26.8,21.49
2010-10-05,23759.69,23.65,27.05,21.76
2010-10-04,24972.13,25.15,28.2,23.53
2010-10-01,24622.8,24.75,27.85,22.5
2010-09-30,25122.05,25.45,28.2,23.7
2010-09-29,24498.24,24.7,27.65,23.25
2010-09-28,24119.6,24.3,27.25,22.6
2010-09-27,24150.03,24.35,27.25,22.54
2010-09-24,24037.3,24.2,27.2,21.71
2010-09-23,25425.39,25.8,28.25,23.87
2010-09-22,24664.21,24.95,27.65,22.51
2010-09-21,24228.79,24.45,27.4,22.35
2010-09-20,24139.35,24.35,27.35,21.5
2010-09-17,24793.88,25.05,27.8,22.01
2010-09-16,24823.31,25.1,27.6,21.72
2010-09-15,24911.97,25.2,27.45,22.1
2010-09-14,25406.25,21.7,25.7,21.56
2010-09-13,25406.25,21.7,25.7,21.21
2010-09-10,26718.09,23.05,27,21.99
2010-09-09,27299.21,23.75,27.55,22.81
2010-09-08,27562.4,23.85,27.85,23.25
2010-09-07,28293.21,24.45,28.6,23.8
2010-09-03,27482.88,23.6,27.85,21.31
2010-09-02,28880.69,25,29.15,23.19
2010-09-01,29601.8,25.8,29.75,23.89
2010-08-31,31496.27,27.9,31.25,26.05
2010-08-30,32058.46,28.45,31.75,27.21
2010-08-27,31114.15,27.55,30.9,24.45
2010-08-26,33116.74,29.55,32.5,27.37
2010-08-25,32750.78,29.15,32.3,26.7
2010-08-24,33432.13,29.8,32.85,27.46
2010-08-23,32576.67,29,32.15,25.66
2010-08-20,33152.12,29.6,32.25,25.49
2010-08-19,33438.27,29.9,32.15,26.44
2010-08-18,32426.94,29,31.1,24.59
2010-08-17,32930.12,24.35,29.45,24.33
2010-08-16,33987.56,26,30.35,26.1
2010-08-13,34430.65,26.75,30.7,26.24
2010-08-12,33695.89,26.15,30.05,25.73
2010-08-11,33177.85,25.7,29.6,25.39
2010-08-10,30685.89,23.25,27.55,22.37
2010-08-09,30510.61,23.1,27.4,22.14
2010-08-06,31026.09,23.7,27.75,21.74
2010-08-05,31002.34,23.8,27.65,22.1
2010-08-04,30778.05,23.75,27.35,22.21
2010-08-03,31079.21,24.1,27.5,22.63
2010-08-02,30721.49,23.85,27.15,22.01
2010-07-30,32601.15,25.45,28.6,23.5
2010-07-29,32905.03,25.75,28.75,24.13
2010-07-28,32923.55,25.75,28.8,24.25
2010-07-27,32535.49,25.45,28.45,23.19
2010-07-26,32710.34,25.55,28.75,22.73
2010-07-23,33992.11,26.6,29.6,23.47
2010-07-22,34864.03,27.3,30.2,24.63
2010-07-21,36813.98,28.85,31.45,25.64
2010-07-20,36367.36,24.4,28.5,23.93
2010-07-19,38710.19,26.8,30.3,25.97
2010-07-16,39204.68,28.1,30.6,26.25
2010-07-15,37473.4,26.5,29.3,25.14
2010-07-14,37148.49,26.75,28.95,24.89
2010-07-13,36064.67,25.8,28.15,24.56
2010-07-12,36277.3,25.85,28.35,24.43
2010-07-09,37196.68,26.55,29.05,24.98
2010-07-08,37811.86,27.05,29.5,25.71
2010-07-07,38539.49,27.6,30.05,26.84
2010-07-06,41189.19,29.8,31.9,29.65
2010-07-02,43643.9,32.05,33.4,30.12
2010-07-01,45010.89,33.35,34.15,32.86
2010-06-30,45408.6,33.9,34.15,34.54
2010-06-29,44707.53,33.5,33.45,34.13
2010-06-28,40709.97,30.15,31.05,29
2010-06-25,40041.5,29.75,30.35,28.53
2010-06-24,41070.13,30.65,30.8,29.74
2010-06-23,38744.78,28.75,29.55,26.91
2010-06-22,38219.99,28.4,29,27.05
2010-06-21,36577.2,27.1,28.15,24.88
2010-06-18,36258.19,26.85,28,23.95
2010-06-17,36880.53,27.3,28.6,25.05
2010-06-16,37546.23,27.8,28.95,25.92
2010-06-15,38559.17,25.85,28.55,25.87
2010-06-14,41002.38,28.55,30.3,28.58
2010-06-11,41840.78,29.3,30.9,28.79
2010-06-10,42879.07,30.65,31.55,30.57
2010-06-09,45613.66,33.4,33.35,33.73
2010-06-08,45228.69,33.45,32.95,33.7
2010-06-07,47166.39,35.45,34.1,36.57
2010-06-04,45092.75,33.55,32.8,35.48
2010-06-03,41172.58,29.6,30.7,29.46
2010-06-02,41549.55,29.85,31,30.17
2010-06-01,44560.54,32.55,32.65,35.54
2010-05-28,42081.56,30.4,31.3,32.07
2010-05-27,41256.36,29.65,30.95,29.68
2010-05-26,45232.83,32.8,33.3,35.02
2010-05-25,46483.48,33.75,34.1,34.61
2010-05-24,48237.5,35.1,35.1,38.32
2010-05-21,49119.94,35.75,35.7,40.1
2010-05-20,49365.85,35.95,35.7,45.79
2010-05-19,43506,31.65,32.05,35.32
2010-05-18,42543.78,32.7,30.95,33.55
2010-05-17,39840.04,30.3,29,30.84
2010-05-14,39504.96,30.1,28.75,31.24
2010-05-13,35909.57,25.85,26.4,26.68
2010-05-12,35035.39,25.05,25.8,25.52
2010-05-11,37018.85,27.1,27.05,28.32
2010-05-10,37162.46,27.45,27.05,28.84
2010-05-07,43258.26,32.95,30.95,40.95
2010-05-06,39702.22,29.2,29.1,32.8
2010-05-05,33871.87,24.15,25.45,24.91
2010-05-04,32403.64,23,24.45,23.84
2010-05-03,29417.06,20.55,22.6,20.19
2010-04-30,30504.55,21.6,23,22.05
2010-04-29,28101.74,19.65,21.65,18.44
2010-04-28,29447.85,20.8,22.2,21.08
2010-04-27,29778.53,21.05,22.4,22.81
2010-04-26,26803.47,18.75,20.95,17.47
2010-04-23,26462.81,18.5,20.75,16.62
2010-04-22,26653.59,18.65,20.75,16.47
2010-04-21,26721.1,18.7,20.75,16.32
2010-04-20,26578.21,16,18.6,15.73
2010-04-19,27901.73,17.4,19.5,17.34
2010-04-16,28593.55,18.2,19.95,18.36
2010-04-15,27497.63,16.7,19.3,15.89
2010-04-14,27497.63,16.7,19.3,15.59
2010-04-13,28157.28,17.15,19.75,16.2
2010-04-12,28028.29,17.1,19.65,15.58
2010-04-09,28071.53,17.2,19.65,16.14
2010-04-08,28394.48,17.45,19.85,16.48
2010-04-07,28881.45,17.9,20.1,16.62
2010-04-06,28379.6,17.45,19.85,16.23
2010-04-05,29171.08,18,20.35,17.02
2010-04-01,30312.06,18.8,21.05,17.47
2010-03-31,30401.22,18.95,21,17.59
2010-03-30,30535.54,19.1,21,17.13
2010-03-29,31065.34,19.5,21.25,17.59
2010-03-26,31709.85,19.9,21.7,17.77
2010-03-25,32042.99,20.1,21.95,18.4
2010-03-24,31692.37,19.9,21.65,17.55
2010-03-23,31037.47,19.45,21.35,16.35
2010-03-22,31704.8,19.9,21.65,16.87
2010-03-19,32128.32,20.2,21.7,16.97
2010-03-18,31515.79,19.8,21.45,16.62
2010-03-17,31991.65,20.1,21.75,16.91
2010-03-16,33264.95,17.45,20.9,17.69
2010-03-15,34231.88,18.1,21.5,18
2010-03-12,34199.53,18.35,21.45,17.58
2010-03-11,34468.43,18.6,21.6,18.06
2010-03-10,34205.81,18.6,21.4,18.57
2010-03-09,33978.6,18.5,21.25,17.92
2010-03-08,33903.74,18.35,21.25,17.79
2010-03-05,34402.2,18.55,21.6,17.42
2010-03-04,36022.72,19.6,22.5,18.72
2010-03-03,36116.2,19.6,22.6,18.83
2010-03-02,36458.53,19.8,22.8,19.06
2010-03-01,36842.08,20,23.05,19.26
2010-02-26,37571.28,20.4,23.5,19.5
2010-02-25,38349.46,20.95,23.75,20.1
2010-02-24,38481.46,21.1,23.65,20.27
2010-02-23,39322.34,21.65,23.9,21.37
2010-02-22,38094.63,20.95,23.25,19.94
2010-02-19,38823.61,21.35,23.7,20.02
2010-02-18,39624,21.8,24.1,20.63
2010-02-17,41310.03,22.75,24.7,21.72
2010-02-16,42853.48,22.6,23.6,22.25
2010-02-12,45272.01,24.45,24.9,22.73
2010-02-11,45353.51,24.45,24.95,23.96
2010-02-10,46577.2,25.5,25.55,25.4
2010-02-09,46740.38,25.55,25.65,26
2010-02-08,47887.65,26.4,26.2,26.51
2010-02-05,47278.25,26.1,25.85,26.11
2010-02-04,46712.33,25.6,25.65,26.08
2010-02-03,41848.76,22.15,23.55,21.6
2010-02-02,41709.22,22.1,23.45,21.48
2010-02-01,43321.4,23.05,24.25,22.59
2010-01-29,45876.84,24.65,25.35,24.62
2010-01-28,44815.35,24,24.9,23.73
2010-01-27,44383.12,23.75,24.7,23.14
2010-01-26,45765.23,24.55,25.3,24.55
2010-01-25,45336.29,24.35,24.95,25.41
2010-01-22,46019.58,24.75,25.15,27.31
2010-01-21,42326.68,22.65,24.1,22.27
2010-01-20,39998.61,21.4,22.85,18.68
2010-01-19,40278.98,17.85,21.55,17.58
2010-01-15,42231.27,19.65,22.55,17.91
2010-01-14,41163.22,18.95,22,17.63
2010-01-13,42103.77,19.4,22.5,17.85
2010-01-12,42871.51,20.25,22.8,18.25
2010-01-11,41722.66,19.5,22.25,17.55
2010-01-08,42357.76,19.9,22.55,18.13
2010-01-07,43497.53,20.45,23.15,19.06
2010-01-06,44246.72,20.8,23.55,19.16
2010-01-05,45901.43,21.55,24.45,19.35
2010-01-04,46830.46,22.1,24.85,20.04
2009-12-31,48625.88,22.95,25.8,21.68
2009-12-30,47340.5,22.4,25.05,19.96
2009-12-29,46616.62,22,24.75,20.01
2009-12-28,46349.45,21.85,24.65,19.93
2009-12-24,46761.71,22.1,24.75,19.47
2009-12-23,47367.07,22.45,24.9,19.71
2009-12-22,47778.84,22.65,25.1,19.54
2009-12-21,49001.28,23.25,25.65,20.49
2009-12-18,50739.52,24.1,26.4,21.68
2009-12-17,51470.06,24.45,26.75,22.51
2009-12-16,50745.94,24.1,26.5,20.54
2009-12-15,53167.43,21.35,25.25,21.49
2009-12-14,53742.84,21.1,25.55,21.15
2009-12-11,54831.12,22.1,26,21.59
2009-12-10,55149.44,22.5,26.1,22.32
2009-12-09,56002.74,23.05,26.45,22.66
2009-12-08,56423.73,23.5,26.55,23.69
2009-12-07,54972.95,22.5,26.05,22.1
2009-12-04,55195.13,22.6,26.15,21.25
2009-12-03,56455.86,23.25,26.65,22.46
2009-12-02,55281.06,22.65,26.2,21.12
2009-12-01,55866.99,23.05,26.3,21.92
2009-11-30,58076.62,24.1,27.15,24.51
2009-11-27,58003.91,24.05,27.15,24.74
2009-11-25,54320.35,22.35,25.8,20.48
2009-11-24,55076.34,22.7,26.05,20.47
2009-11-23,55528.39,22.85,26.4,21.16
2009-11-20,58449.62,24.2,27,22.19
2009-11-19,59579.94,24.7,27.25,22.63
2009-11-18,58847.58,24.4,26.85,21.63
2009-11-17,61138.77,22.55,25.35,22.41
2009-11-16,61472.23,23.4,25.45,22.89
2009-11-13,62555.82,24.25,25.85,23.36
2009-11-12,63587.83,24.8,26.25,24.24
2009-11-11,60868.94,23.65,25.15,23.04
2009-11-10,60684.67,23.5,25.1,22.84
2009-11-09,60339.59,23.5,24.9,23.15
2009-11-06,64133.99,25.1,26.4,24.19
2009-11-05,66190.84,25.9,27.25,25.43
2009-11-04,69184.55,27.6,28.05,27.72
2009-11-03,70116.96,28.1,28.3,28.81
2009-11-02,69756.3,28,28.1,29.78
2009-10-30,69134.37,27.85,27.7,30.69
2009-10-29,62953.99,25.05,25.8,24.76
2009-10-28,66565.6,26.65,26.9,27.91
2009-10-27,62173.58,24.65,25.85,24.83
2009-10-26,62023.7,24.55,25.95,24.31
2009-10-23,60771.2,24.05,25.45,22.27
2009-10-22,59778.87,23.65,25.1,20.69
2009-10-21,62002.7,24.55,25.65,22.22
2009-10-20,62002.7,21.1,24.55,20.9
2009-10-19,62277,21.4,24.65,21.49
2009-10-16,63997.98,22.35,25.3,21.43
2009-10-15,63094.94,22.35,24.9,21.72
2009-10-14,64547.88,23.25,25.4,22.86
2009-10-13,65116.59,23.55,25.6,22.99
2009-10-12,65723.46,24.05,25.75,23.01
2009-10-09,67491.75,24.55,26.5,23.12
2009-10-08,68884.57,25.05,27.05,24.18
2009-10-07,69716.53,25.4,27.35,24.68
2009-10-06,70503.69,26,27.45,25.7
2009-10-05,72165.57,26.8,27.95,26.84
2009-10-02,74657.31,27.85,28.8,28.68
2009-10-01,74525.43,27.8,28.75,28.27
2009-09-30,71377.29,26.3,27.95,25.61
2009-09-29,70635.98,25.9,27.85,25.19
2009-09-28,70646.6,25.85,27.95,24.88
2009-09-25,73241.05,27,28.55,25.61
2009-09-24,73011.45,26.9,28.5,24.95
2009-09-23,71668.11,26.35,28.15,23.49
2009-09-22,71077.8,26.1,28.05,23.08
2009-09-21,72584.83,26.7,28.4,24.06
2009-09-18,72687.35,26.75,28.35,23.92
2009-09-17,70940.35,26.1,27.75,23.65
2009-09-16,70539.09,25.95,27.65,23.69
2009-09-15,73801.02,23.5,27.15,23.42
2009-09-14,73592.09,23.85,27.05,23.86
2009-09-11,75455.27,24.75,27.7,24.15
2009-09-10,74507.44,24.45,27.35,23.55
2009-09-09,78137.12,25.95,28.6,24.32
2009-09-08,80443.72,26.7,29.45,25.62
2009-09-04,83169.37,27.6,30.45,25.26
2009-09-03,86005.7,28.95,31.25,27.1
2009-09-02,90161.36,30.5,32.65,28.9
2009-09-01,88953.71,30.05,32.25,29.15
2009-08-31,84858,28.5,30.95,26.01
2009-08-28,83648.12,28.1,30.5,24.76
2009-08-27,82835.49,27.8,30.25,24.68
2009-08-26,83964.58,28.3,30.4,24.95
2009-08-25,82517.17,27.75,30.05,24.92
2009-08-24,81617.32,27.4,29.9,25.14
2009-08-21,81540.05,27.35,30,25.01
2009-08-20,82759.38,27.8,30.1,25.09
2009-08-19,84374.01,28.35,30.55,26.26
2009-08-18,87052.55,26.35,29.25,26.18
2009-08-17,89086.42,27.6,29.9,27.89
2009-08-14,84042.09,25.2,28.3,24.27
2009-08-13,82690.96,25.05,27.8,24.71
2009-08-12,84329.6,25.55,28.35,25.45
2009-08-11,85397.07,26.2,28.6,25.99
2009-08-10,83773.66,25.6,28.1,24.99
2009-08-07,83727.51,25.65,28.05,24.76
2009-08-06,86570.97,26.6,28.95,25.67
2009-08-05,85632.09,26.05,28.85,24.9
2009-08-04,86022.03,26.3,28.85,24.89
2009-08-03,86633.17,26.45,29.1,25.56
2009-07-31,88900.56,27.25,29.7,25.92
2009-07-30,88046.59,27.05,29.3,25.4
2009-07-29,90094.92,27.65,30.05,25.61
2009-07-28,89098.29,27.3,29.85,25.01
2009-07-27,86086.7,26.35,28.95,24.28
2009-07-24,84935.77,26,28.55,23.09
2009-07-23,85631.3,26.25,28.45,23.43
2009-07-22,88684.92,27.2,29.2,23.47
2009-07-21,90804.23,24.05,27.85,23.87
2009-07-20,92600.91,24.55,28.4,24.4
2009-07-17,94703.29,25.6,29,24.34
2009-07-16,94682.58,25.9,28.95,25.42
2009-07-15,95819.99,26.45,29.25,25.89
2009-07-14,98849.18,27,30.25,25.02
2009-07-13,100696.04,27.55,30.8,26.31
2009-07-10,105657.41,29.8,31.95,29.02
2009-07-09,105149.98,29.75,31.75,29.78
2009-07-08,106591.56,30.8,31.8,31.3
2009-07-07,105119.77,30.25,31.45,30.85
2009-07-06,101235.89,29,30.4,29
2009-07-02,102173.26,29.3,30.65,27.95
2009-07-01,96851.51,27.65,29.2,26.22
2009-06-30,97721.48,28.05,29.25,26.35
2009-06-29,96049.93,27.45,28.95,25.35
2009-06-26,99600.97,28.55,29.85,25.93
2009-06-25,101343.95,29.1,30.25,26.36
2009-06-24,106171.91,30.6,31.35,29.05
2009-06-23,110709.9,32.05,32.15,30.58
2009-06-22,112954.02,32.75,32.55,31.17
2009-06-19,108294.35,31.35,31.55,27.99
2009-06-18,111703.72,32.4,31.85,30.03
2009-06-17,112566.24,32.65,32.1,31.54
2009-06-16,111704.33,31.85,32.4,32.68
2009-06-15,107972.07,30.2,31.35,30.81
2009-06-12,102967.89,28.35,29.95,28.15
2009-06-11,104728.88,28.1,30.6,28.11
2009-06-10,107111.58,29.1,31.2,28.46
2009-06-09,106467.77,29.1,30.95,28.27
2009-06-08,110259.98,30.25,32,29.77
2009-06-05,111092.83,30.55,32.2,29.62
2009-06-04,111566.07,30.8,32.25,30.18
2009-06-03,112896.23,31.15,32.65,31.02
2009-06-02,107236.04,29.6,31,29.63
2009-06-01,106862.13,29.6,30.75,30.04
2009-05-29,109531.58,30.35,31.5,28.92
2009-05-28,113473.25,31.55,32.4,31.67
2009-05-27,115390.47,32.1,32.9,32.36
2009-05-26,112030.96,31.15,32,30.62
2009-05-22,117449.68,32.75,33.05,32.63
2009-05-21,115611.14,32.2,32.85,31.35
2009-05-20,109561.12,30.5,31.4,29.03
2009-05-19,109201.9,28.5,30.4,28.8
2009-05-18,110952.07,29.85,30.85,30.24
2009-05-15,119699.87,33.15,33.2,33.12
2009-05-14,116807.8,31.6,32.5,31.37
2009-05-13,121941.33,33.4,33.85,33.65
2009-05-12,118004.25,31.95,32.85,31.8
2009-05-11,118850.39,32.45,33,32.87
2009-05-08,118076.05,32.2,32.8,32.05
2009-05-07,123138.31,33.7,34.15,33.44
2009-05-06,121478.98,33.05,33.8,32.45
2009-05-05,125902.99,34.6,34.8,33.36
2009-05-04,126120.62,34.8,34.75,34.53
2009-05-01,132213.75,36.35,36.55,35.3
2009-04-30,134129.16,36.95,37,36.5
2009-04-29,132634.48,36.45,36.7,36.08
2009-04-28,138549.52,38.2,38.15,37.95
2009-04-27,140218.69,38.75,38.45,38.32
2009-04-24,136946.66,37.8,37.65,36.82
2009-04-23,136692.77,37.8,37.4,37.15
2009-04-22,139049.3,38.45,38.05,38.1
2009-04-21,137164.86,37.9,37.65,37.14
2009-04-20,142787.67,39.5,38.95,39.18
2009-04-17,132547.69,36.6,36.65,33.94
2009-04-16,135292.5,37.35,37.5,35.79
2009-04-15,140522.25,38.8,38.8,36.17
2009-04-14,143419.63,37.85,39.6,37.67
2009-04-13,143610.69,37.05,39.7,37.81
2009-04-09,144741.92,38.3,39.9,36.53
2009-04-08,151140.31,40.6,41.55,38.85
2009-04-07,154545.38,41.65,42.45,40.39
2009-04-06,154025.44,41.95,42.15,40.93
2009-04-03,152860.11,41.7,41.8,39.7
2009-04-02,156163.89,42.95,42.5,42.04
2009-04-01,158830.48,43.65,43.25,42.28
2009-03-31,162602.3,45.05,43.95,44.14
2009-03-30,165273.73,46.35,44.05,45.54
2009-03-27,154348.14,42.95,41.6,41.04
2009-03-26,149363.3,41.45,40.45,40.36
2009-03-25,153739.77,42.75,41.45,42.25
2009-03-24,157842.03,44,42.25,42.93
2009-03-23,155604.81,43.35,41.75,43.23
2009-03-20,168393.73,47.05,44.45,45.89
2009-03-19,156504.34,43.7,41.55,43.68
2009-03-18,146696.23,40.95,39.15,40.06
2009-03-17,147950.05,40.05,41.3,40.8
2009-03-16,154614.31,43,43.1,43.74
2009-03-13,149447.34,42.1,41.6,42.36
2009-03-12,147385.38,41.1,41.1,41.18
2009-03-11,149931.45,42.65,41.6,43.61
2009-03-10,150379.16,43.15,41.6,44.37
2009-03-09,162819.88,47.05,44.9,49.68
2009-03-06,160581.91,46.65,44.15,49.33
2009-03-05,162217.95,47.35,44.45,50.17
2009-03-04,155047.45,44.75,42.9,47.56
2009-03-03,167695.38,48.45,46.35,50.93
2009-03-02,166053.89,47.85,46.05,52.65
2009-02-27,155836.27,44.45,43.9,46.35
2009-02-26,154621.48,44,43.75,44.66
2009-02-25,152738.22,43.45,43.25,44.67
2009-02-24,156081.56,44.5,43.9,45.49
2009-02-23,170993.38,49.05,46.9,52.62
2009-02-20,162852.08,46.7,44.75,49.3
2009-02-19,155533.28,44.55,43.2,47.08
2009-02-18,156433.63,44.85,42.65,48.46
2009-02-17,153643.3,48,44.05,48.66
2009-02-13,147248.33,43.6,42.35,42.93
2009-02-12,144539.25,42.55,41.6,41.25
2009-02-11,147409.08,44.6,42.2,44.53
2009-02-10,150043.33,45.6,42.9,46.67
2009-02-09,141152.28,42.5,40.5,43.64
2009-02-06,140321.44,42.6,40.1,43.37
2009-02-05,142004.8,43.25,40.5,43.73
2009-02-04,143906.56,43.75,41.1,43.85
2009-02-03,142672.69,43.15,40.95,43.06
2009-02-02,148762.66,45.35,42.3,45.52
2009-01-30,147888.47,44.99,42.18,44.84
2009-01-29,142855.8,43.38,40.88,42.63
2009-01-28,140262.48,42.31,40.75,39.66
2009-01-27,149723.84,45.16,43.51,42.25
2009-01-26,157519.19,47.55,45.63,45.69
2009-01-23,165673.34,50.16,47.2,47.27
2009-01-22,166862.83,50.54,47.37,47.29
2009-01-21,168712.63,51.13,47.36,46.42
2009-01-20,180360.48,57.9,54.66,56.65
2009-01-16,159870.69,49.65,48.53,46.11
2009-01-15,165133.47,53.26,49.93,51
2009-01-14,166259.73,51.79,50.56,49.14
2009-01-13,153167.17,46.67,46.81,43.27
2009-01-12,156539.73,48.04,47.74,45.84
2009-01-09,144877.52,44.55,44.15,42.82
2009-01-08,140042.31,42.97,42.72,42.56
2009-01-07,140238.59,43.52,42.5,43.39
2009-01-06,129208.79,39.53,39.55,38.56
2009-01-05,130934.74,39.96,40.16,39.08
2009-01-02,128467.05,38.7,39.91,39.19
2008-12-31,138744.41,41.94,42.93,40
2008-12-30,145963.19,44.18,45.08,41.63
2008-12-29,152474.56,46.34,46.76,43.9
2008-12-26,148653.81,45.15,45.65,43.38
2008-12-24,150315.98,45.73,45.96,44.21
2008-12-23,151814.34,46.15,46.54,45.02
2008-12-22,149551,45.51,45.63,44.56
2008-12-19,155174.2,47.35,46.53,44.93
2008-12-18,164722.84,50.31,48.93,47.34
2008-12-17,170380.8,52.07,49.94,49.84
2008-12-16,170969.77,52.44,52.25,52.37
2008-12-15,179558.38,55.7,54.84,56.76
2008-12-12,178061.59,54.58,54.46,54.28
2008-12-11,180676.36,55.06,55.32,55.78
2008-12-10,178542.73,55.26,54.44,55.73
2008-12-09,181785.34,56.4,55.38,58.91
2008-12-08,179025.09,55.26,54.67,58.49
2008-12-05,186987.03,58.32,56.75,59.93
2008-12-04,191603.38,60.49,57.62,63.64
2008-12-03,183235.55,57.73,55.21,60.72
2008-12-02,183714.88,57.93,55.3,62.98
2008-12-01,189779.55,60.45,56.29,68.51
2008-11-28,168298.11,53.21,50.6,55.28
2008-11-26,168485.8,53.18,50.85,54.92
2008-11-25,179417.13,57.18,52.61,60.9
2008-11-24,184130.41,58.64,54.15,64.7
2008-11-21,196591.56,62.78,56.9,72.67
2008-11-20,207309.5,66.23,59.77,80.86
2008-11-19,196903.55,62.9,56.87,74.26
2008-11-18,179341.88,67.04,57.29,67.64
2008-11-17,176416.34,67.95,56.25,69.15
2008-11-14,167288.3,62.9,53.51,66.31
2008-11-13,155522.66,56.87,50.03,59.83
2008-11-12,166657.78,63.71,52.92,66.46
2008-11-11,154709.23,58.38,49.38,61.44
2008-11-10,150303.83,56.19,48.2,59.98
2008-11-07,147335.88,54.65,47.48,56.1
2008-11-06,151327.41,57.58,47.8,63.68
2008-11-05,135402.09,50.2,43.85,54.56
2008-11-04,127109.53,46.43,41.86,47.73
2008-11-03,139495.8,51.96,44.71,53.68
2008-10-31,144198.72,54.57,44.93,59.89
2008-10-30,144943.7,55.37,44.2,62.9
2008-10-29,146938.75,56.41,44.16,69.96
2008-10-28,140383.34,53.7,42.77,66.96
2008-10-27,153720.23,59.29,44.88,80.06
2008-10-24,145251,55.82,43.56,79.13
2008-10-23,130452.92,50.02,40.14,67.8
2008-10-22,126167.36,48.33,39.71,69.65
2008-10-21,114341.62,52.8,43.8,53.11
2008-10-20,117397.98,52.31,45.05,52.97
2008-10-17,124359.92,63.25,47.04,70.33
2008-10-16,115034.67,63.88,42.78,67.61
2008-10-15,112594.21,58.18,42.7,69.25
2008-10-14,98742.44,49.05,37.94,55.13
2008-10-13,96214.45,50.64,36.07,54.99
2008-10-10,104152.28,56.71,38.31,69.95
2008-10-09,99817.27,52.3,37.68,63.92
2008-10-08,90770.7,45.56,35.39,57.53
2008-10-07,85861.57,41.83,34.32,53.68
2008-10-06,78341.68,37.37,31.94,52.05
2008-10-03,75618.6,35.67,31.2,45.14
2008-10-02,73170.79,34.1,30.64,45.26
2008-10-01,68596.94,31.87,28.85,39.81
2008-09-30,66408.97,30.66,28.22,39.39
2008-09-29,70606.46,32.69,29.84,46.72
2008-09-26,61934.97,28.64,26.25,34.74
2008-09-25,60338.92,27.74,25.99,32.82
2008-09-24,62232.13,28.65,26.68,35.19
2008-09-23,62958.93,29.02,26.85,35.72
2008-09-22,57915.68,26.56,25.41,33.85
2008-09-19,54134.13,24.74,24.38,32.07
2008-09-18,55393.33,25.31,25.01,33.1
2008-09-17,58206.57,26.61,25.93,36.22
2008-09-16,55056.72,29.68,25.17,30.3
2008-09-15,56110.55,28.84,25.73,31.7
2008-09-12,52932.66,24.68,24.57,25.66
2008-09-11,52498.7,23.83,24.49,24.39
2008-09-10,52083.4,23.59,24.31,24.52
2008-09-09,53077.81,24.22,24.71,25.47
2008-09-08,49603.38,21.99,23.39,22.64
2008-09-05,51282.28,23.08,23.98,23.06
2008-09-04,52337.84,23.78,24.31,24.03
2008-09-03,48747.29,21.64,23.1,21.43
2008-09-02,49345.86,22.08,23.19,21.99
2008-08-29,48680.08,21.7,22.99,20.65
2008-08-28,47625.21,21.12,22.68,19.43
2008-08-27,48831.38,21.8,22.94,19.76
2008-08-26,49982.68,22.4,23.24,20.49
2008-08-25,50500.03,22.64,23.45,20.97
2008-08-22,48353.2,21.59,22.92,18.81
2008-08-21,49625.07,22.19,23.25,19.82
2008-08-20,50163.98,22.45,23.16,20.42
2008-08-19,51236.52,21,22.93,21.28
2008-08-18,49656.34,20.66,22.21,20.98
2008-08-15,48970.16,20.18,21.92,19.58
2008-08-14,49594.49,20.8,22.15,20.34
2008-08-13,51329.19,21.5,22.93,21.55
2008-08-12,50377.14,21.28,22.46,21.17
2008-08-11,48490.79,20.29,21.68,20.12
2008-08-08,49197.74,20.91,21.87,20.66
2008-08-07,50644.27,21.51,22.52,21.15
2008-08-06,48602.63,20.7,21.58,20.23
2008-08-05,50022.15,21.44,22.12,21.14
2008-08-04,52516.29,22.78,23.01,23.49
2008-08-01,52739.2,22.95,23.04,22.57
2008-07-31,52414.42,22.77,22.94,22.94
2008-07-30,50024.6,21.57,22.1,21.21
2008-07-29,52371.73,22.68,22.99,22.03
2008-07-28,55714.64,24.25,24.24,24.23
2008-07-25,54016.1,23.45,23.63,22.91
2008-07-24,54239.52,23.55,23.72,23.44
2008-07-23,51763.76,22.43,22.78,21.31
2008-07-22,51818.97,22.47,22.74,21.18
2008-07-21,53874.87,23.4,23.44,23.05
2008-07-18,55290.98,24.05,23.8,24.05
2008-07-17,55749.32,24.25,23.99,25.01
2008-07-16,56832.13,24.72,24.48,25.1
2008-07-15,60050.77,28.3,26.12,28.54
2008-07-14,59503.97,28.03,25.89,28.48
2008-07-11,57988.16,27.15,25.25,27.49
2008-07-10,56690.91,25.61,24.86,25.59
2008-07-09,56320,25.47,24.69,25.23
2008-07-08,53504.06,23.96,23.54,23.15
2008-07-07,56770.59,25.85,24.78,25.78
2008-07-03,56260.22,25.39,24.69,24.78
2008-07-02,56731.91,25.53,24.95,25.92
2008-07-01,53943.08,24.19,23.8,23.65
2008-06-30,54081.45,24.19,23.93,23.95
2008-06-27,54785.95,24.55,24.18,23.44
2008-06-26,55084.76,24.72,24.25,23.93
2008-06-25,50786.39,22.61,22.75,21.14
2008-06-24,53032.47,23.63,23.7,22.42
2008-06-23,52720.82,23.51,23.49,22.64
2008-06-20,52699.58,23.51,23.43,22.87
2008-06-19,51474.53,22.93,23.17,21.58
2008-06-18,52390.87,23.35,23.37,22.24
2008-06-17,50887.57,21.05,22.68,21.13
2008-06-16,50993.07,20.86,22.74,20.95
2008-06-13,51700.29,21.62,23,21.22
2008-06-12,53822.71,22.85,23.88,23.33
2008-06-11,54558.95,23.75,24.05,24.12
2008-06-10,52969.32,22.72,23.47,23.18
2008-06-09,52892.52,22.7,23.43,23.12
2008-06-06,53863.69,22.98,23.94,23.56
2008-06-05,48507.19,19.91,22.13,18.63
2008-06-04,51185.14,21.3,23.09,20.8
2008-06-03,51003.91,21.07,23.18,20.24
2008-06-02,50054.02,20.64,22.8,19.83
2008-05-30,47309.71,19.38,21.77,17.83
2008-05-29,48480.82,19.97,22.07,18.14
2008-05-28,51581.67,21.33,23.25,19.07
2008-05-27,52106.29,21.49,23.7,19.64
2008-05-23,53721.19,22.23,24.04,19.55
2008-05-22,52506.76,21.72,23.56,18.05
2008-05-21,53466.91,22.14,23.58,18.59
2008-05-20,50279.18,17.37,20.82,17.58
2008-05-19,47734.35,16.64,19.76,17.01
2008-05-16,48689.5,17.15,20.14,16.47
2008-05-15,48209.04,17.43,19.88,16.3
2008-05-14,49467.7,18.3,20.32,17.66
2008-05-13,50580.45,18.7,20.78,17.98
2008-05-12,50799.92,18.94,20.82,17.79
2008-05-09,52566.21,19.84,21.45,19.41
2008-05-08,52088.13,19.67,21.25,19.4
2008-05-07,52050.85,19.7,21.21,19.73
2008-05-06,49721.88,18.82,20.26,18.21
2008-05-05,51727.33,19.69,20.99,18.9
2008-05-02,51215.29,19.66,20.63,18.18
2008-05-01,51870.82,19.86,20.95,18.88
2008-04-30,55176.95,21.24,22.14,20.79
2008-04-29,53955.91,20.81,21.59,20.24
2008-04-28,53274.39,20.54,21.33,19.64
2008-04-25,53691.5,20.69,21.52,19.59
2008-04-24,55070.08,21.23,22.05,20.06
2008-04-23,56522.73,21.86,22.41,20.26
2008-04-22,57124.74,22.1,22.62,20.87
2008-04-21,56657.1,21.92,22.43,20.5
2008-04-18,57419.02,22.2,22.84,20.13
2008-04-17,59536.05,23.03,23.55,20.37
2008-04-16,59329.42,22.96,23.23,20.53
2008-04-15,63076.27,22.87,24.41,22.78
2008-04-14,64363.04,23.84,24.88,23.82
2008-04-11,64614.68,23.91,24.98,23.46
2008-04-10,62753.31,22.85,24.33,21.98
2008-04-09,63863.02,23.63,24.66,22.81
2008-04-08,62304.31,23.02,24.07,22.36
2008-04-07,62637.23,23.01,24.26,22.42
2008-04-04,64705.33,23.96,24.95,22.45
2008-04-03,65034.31,24.27,24.94,23.21
2008-04-02,65622.34,24.64,25.03,23.43
2008-04-01,64506.53,24,24.85,22.68
2008-03-31,69205.14,26.01,26.3,25.61
2008-03-28,70475.66,26.6,26.59,25.71
2008-03-27,70439.4,26.64,26.46,25.88
2008-03-26,70946.86,26.95,26.32,26.08
2008-03-25,69380.42,26.32,25.87,25.72
2008-03-24,69380.42,26.35,25.71,25.73
2008-03-20,71018.47,27,26.08,26.62
2008-03-19,72104.38,27.41,26.53,29.84
2008-03-18,68921.37,25.95,26.2,25.79
2008-03-17,75365.48,30.57,28.54,32.24
2008-03-14,74933.32,29.03,28.52,31.16
2008-03-13,70710.25,26.75,27.02,27.29
2008-03-12,70463.04,26.68,26.92,27.22
2008-03-11,68448.27,26.11,26.09,26.36
2008-03-10,72506.38,27.75,27.6,29.38
2008-03-07,70495.96,26.91,26.87,27.49
2008-03-06,70540.91,26.76,26.99,27.55
2008-03-05,65957.85,24.83,25.38,24.6
2008-03-04,67634.68,25.72,25.79,25.52
2008-03-03,68815.24,26.16,26.25,26.28
2008-02-29,68849.01,26.1,26.36,26.54
2008-02-28,65114.86,24.58,25.1,23.53
2008-02-27,63317.32,23.88,24.45,22.69
2008-02-26,62794.38,23.71,24.18,21.9
2008-02-25,63818.65,24.17,24.34,23.03
2008-02-22,65558.99,24.87,24.83,24.06
2008-02-21,67035.53,25.42,25.45,25.12
2008-02-20,67097.05,25.45,25.41,24.4
2008-02-19,67535.23,25.61,25.7,25.59
2008-02-15,68379.09,26.07,25.93,25.02
2008-02-14,69033.41,26.28,26.18,25.54
2008-02-13,68079.67,26,25.81,24.88
2008-02-12,70531.49,27.06,26.72,26.33
2008-02-11,71462.81,27.88,26.97,27.6
2008-02-08,73108.67,28.39,27.63,28.01
2008-02-07,71831.34,27.62,27.25,27.66
2008-02-06,72933.7,28.19,27.6,28.97
2008-02-05,71036.22,27.39,26.92,28.24
2008-02-04,67237.11,25.81,25.56,25.99
2008-02-01,64927.71,24.95,24.66,24.02
2008-01-31,66681.45,25.64,25.31,26.2
2008-01-30,67692.17,26.14,25.56,27.62
2008-01-29,67530.62,26.25,25.25,27.32
2008-01-28,67495.04,26.16,25.37,27.78
2008-01-25,68899.44,26.75,25.8,29.08
2008-01-24,67967.85,26.43,25.34,27.78
2008-01-23,67884.08,26.4,25.3,29.02
2008-01-22,71212.33,27.73,26.38,31.01
2008-01-18,70234.64,27.24,26.71,27.18
2008-01-17,69579.52,26.97,26.62,28.46
2008-01-16,64514.09,24.99,25.03,24.38
2008-01-15,65159.49,24.04,25.24,23.34
2008-01-14,64719.46,23.36,25.1,22.9
2008-01-11,67606.65,24.96,26.15,23.68
2008-01-10,64615.13,24.07,24.95,23.45
2008-01-09,66775.83,24.89,25.78,24.12
2008-01-08,67474.7,25.54,25.9,25.43
2008-01-07,64333.91,24.12,24.81,23.79
2008-01-04,65689.76,24.68,25.3,23.94
2008-01-03,63082.24,23.42,24.52,22.49
2008-01-02,63621.74,23.86,24.49,23.17
2007-12-31,62186.84,23.12,24.19,22.5
2007-12-28,61203.36,22.81,23.72,20.74
2007-12-27,60867.95,22.72,23.52,20.26
2007-12-26,58988.67,22.02,22.79,18.66
2007-12-24,59413.99,22.48,22.91,18.6
2007-12-21,61606.78,23.1,23.29,18.47
2007-12-20,64380.84,24.17,24.1,20.58
2007-12-19,65051.31,24.42,24.38,21.68
2007-12-18,65450.89,22.55,24.57,22.64
2007-12-17,67850.32,23.75,25.45,24.52
2007-12-14,65638.81,22.64,24.66,23.27
2007-12-13,63771.04,22.04,23.95,22.56
2007-12-12,63450.34,22.19,23.76,22.47
2007-12-11,64272.81,22.92,23.91,23.59
2007-12-10,61017.24,21.28,22.92,20.74
2007-12-07,62316.73,21.97,23.27,20.85
2007-12-06,61446.35,21.67,22.94,20.96
2007-12-05,64719.69,23.06,23.95,22.53
2007-12-04,67928.47,24.48,24.83,23.79
2007-12-03,67311.49,24.29,24.56,23.61
2007-11-30,66944,24.19,24.37,22.87
2007-11-29,68558.42,24.86,24.77,23.97
2007-11-28,67868.32,24.56,24.66,24.11
2007-11-27,73510.93,26.65,26.53,26.28
2007-11-26,75260.12,27.32,26.97,28.91
2007-11-23,71369.21,26.2,26.31,25.61
2007-11-21,73962.81,26.81,26.74,26.84
2007-11-20,72224.78,25.08,26.18,24.88
2007-11-19,74246.5,25.61,26.92,26.01
2007-11-16,73144.51,26.04,26.45,25.49
2007-11-15,74212.83,27.42,26.7,28.06
2007-11-14,69670.7,25.3,25.15,25.94
2007-11-13,68580.54,24.65,24.82,24.1
2007-11-12,74394.86,27.64,26.64,31.09
2007-11-09,73311.54,26.96,26.36,28.5
2007-11-08,69332.31,25.24,25.05,26.16
2007-11-07,69630.41,25.22,25.23,26.49
2007-11-06,62746.32,22.45,22.92,21.39
2007-11-05,66089,23.94,23.91,24.31
2007-11-02,63609.46,22.98,23.07,23.01
2007-11-01,61866.66,22.33,22.46,23.21
2007-10-31,54179.75,19.06,20.3,18.53
2007-10-30,58823.1,20.96,21.64,21.07
2007-10-29,56869.06,20.27,20.91,19.87
2007-10-26,57853.41,20.73,21.04,19.56
2007-10-25,60312.42,21.71,21.68,21.17
2007-10-24,60872.67,22.01,21.57,20.8
2007-10-23,59684.21,21.56,21.23,20.41
2007-10-22,61565.71,22.27,21.74,21.64
2007-10-19,62410.75,22.54,22.3,22.96
2007-10-18,58407.96,21.09,20.92,18.5
2007-10-17,58358.09,21.07,20.95,18.54
2007-10-16,59078.22,20.03,21.33,20.02
2007-10-15,56530.62,19.17,20.41,19.25
2007-10-12,53782.95,17.95,19.45,17.73
2007-10-11,54858.61,18.53,19.8,18.88
2007-10-10,51524.32,17.31,18.62,16.67
2007-10-09,51390.53,17.06,18.64,16.12
2007-10-08,54080.85,18.2,19.51,17.46
2007-10-05,53369.76,17.93,19.27,16.91
2007-10-04,56389.51,19.26,20.15,18.44
2007-10-03,55932.67,19.1,19.99,18.8
2007-10-02,55245.85,18.92,19.69,18.49
2007-10-01,54021.45,18.43,19.34,17.84
2007-09-28,55383.92,18.92,19.79,18
2007-09-27,54606.07,18.72,19.39,17
2007-09-26,55379.52,19.03,19.56,17.63
2007-09-25,57619.27,19.88,20.11,18.6
2007-09-24,57110.33,19.71,19.91,19.37
2007-09-21,57534.18,19.87,19.98,19
2007-09-20,60231.32,20.82,20.75,20.45
2007-09-19,59468.9,20.57,20.23,20.03
2007-09-18,61839.56,20.18,21.39,20.35
2007-09-17,70735.48,25.37,24.34,26.48
2007-09-14,69112.21,24.8,23.78,24.92
2007-09-13,69086.38,24.85,23.76,24.76
2007-09-12,69413.78,24.94,23.88,24.96
2007-09-11,68916.26,25.01,23.62,25.27
2007-09-10,72520.97,26.72,24.67,27.38
2007-09-07,70558.88,25.83,24.1,26.23
2007-09-06,66354.42,23.98,22.89,23.99
2007-09-05,66849.78,24.16,23.06,24.58
2007-09-04,63201.73,22.78,21.87,22.78
2007-08-31,65690.94,23.7,22.7,23.38
2007-08-30,67761.1,24.45,23.41,25.06
2007-08-29,67123.87,24.16,23.32,23.81
2007-08-28,69913.07,25.21,24.16,26.3
2007-08-27,64548.74,23.28,22.29,22.72
2007-08-24,61639.75,22.23,21.29,20.72
2007-08-23,64036.5,23.1,22.07,22.62
2007-08-22,62933.81,22.7,21.73,22.89
2007-08-21,66122.08,25.24,23.85,25.25
2007-08-20,67836.98,26.34,24.45,26.33
2007-08-17,73784.29,30.07,26.47,29.99
2007-08-16,75844.61,30.61,27.25,30.83
2007-08-15,70312.58,28.81,25.18,30.67
2007-08-14,67386.73,26.94,24.3,27.68
2007-08-13,64582.46,26.1,23.2,26.57
2007-08-10,66228.49,27.18,23.63,28.3
2007-08-09,61637.48,23.26,22.95,26.48
2007-08-08,54036.23,20.16,20.25,21.45
2007-08-07,54656.41,20.71,20.27,21.56
2007-08-06,58614.7,22.08,21.84,22.94
2007-08-03,59918.6,22.61,22.29,25.16
2007-08-02,55320.73,20.81,20.65,21.22
2007-08-01,57738.45,21.8,21.45,23.67
2007-07-31,54966.15,20.52,20.77,23.52
2007-07-30,51759.4,19.44,19.35,20.87
2007-07-27,53208.89,20.07,19.71,24.17
2007-07-26,51634.67,19.37,19.4,20.74
2007-07-25,48221.71,18.07,18.18,18.1
2007-07-24,48434.94,18.18,18.14,18.55
2007-07-23,46807.08,17.55,17.63,16.81
2007-07-20,47247.44,17.72,17.76,16.95
2007-07-19,45837.74,17.18,17.36,15.23
2007-07-18,46330.59,17.37,17.42,16
2007-07-17,44916.94,15.57,16.84,15.63
2007-07-16,44575.85,15.67,16.7,15.59
2007-07-13,44032.87,15.45,16.5,15.15
2007-07-12,43859.77,15.47,16.42,15.54
2007-07-11,44789.11,16.24,16.65,16.64
2007-07-10,45235.15,16.67,16.72,17.57
2007-07-09,42323.33,15.41,15.73,15.16
2007-07-06,42213.47,15.3,15.73,14.72
2007-07-05,43062.22,15.63,16.03,15.48
2007-07-03,42388.32,15.65,15.73,14.92
2007-07-02,43008.46,15.72,15.9,15.4
2007-06-29,44047.41,16.19,16.16,16.23
2007-06-28,42625.98,15.55,15.84,15.54
2007-06-27,42617.37,15.61,15.7,15.53
2007-06-26,45281.67,16.64,16.53,18.89
2007-06-25,43607.92,15.99,16.05,16.65
2007-06-22,42999.68,15.77,15.81,15.75
2007-06-21,41168.99,15.07,15.38,14.21
2007-06-20,41029.68,15.03,15.13,14.67
2007-06-19,38709.3,12.88,14.18,12.85
2007-06-18,39557.66,13.41,14.48,13.42
2007-06-15,39484.36,13.64,14.43,13.94
2007-06-14,40090.49,13.86,14.65,13.64
2007-06-13,41250.26,14.78,14.97,14.73
2007-06-12,42320.86,15.5,15.27,16.67
2007-06-11,40933.4,14.69,14.87,14.71
2007-06-08,41775.97,15.08,15.14,14.84
2007-06-07,42789.05,15.82,15.32,17.06
2007-06-06,40281.59,14.33,14.76,14.87
2007-06-05,38971.63,13.71,14.39,13.63
2007-06-04,38719.04,13.57,14.34,13.29
2007-06-01,38427.71,13.41,14.29,12.78
2007-05-31,38630.56,13.57,14.26,13.05
2007-05-30,38707.22,13.56,14.34,12.83
2007-05-29,39273.05,13.83,14.43,13.53
2007-05-25,39711.6,13.96,14.64,13.34
2007-05-24,40245.68,14.2,14.71,14.08
2007-05-23,39037.82,13.75,14.34,13.24
2007-05-22,39177.34,13.81,14.35,13.06
2007-05-21,39069.3,13.78,14.27,13.3
2007-05-18,39651.48,13.99,14.45,12.76
2007-05-17,40134.34,14.16,14.63,13.51
2007-05-16,39847.76,14.06,14.5,13.5
2007-05-15,40244.54,13.96,14.2,14.01
2007-05-14,40021.87,13.34,14.15,13.96
2007-05-11,39322.08,12.77,13.94,12.95
2007-05-10,40201.96,13.35,14.2,13.6
2007-05-09,39004.22,12.94,13.78,12.88
2007-05-08,39478.47,13.33,13.87,13.21
2007-05-07,39081.04,13.22,13.72,13.15
2007-05-04,38831.46,13.14,13.63,12.91
2007-05-03,38727.41,13.08,13.61,13.09
2007-05-02,39006.89,13.16,13.72,13.08
2007-05-01,39587.35,13.43,13.85,13.51
2007-04-30,39568.46,13.41,13.86,14.22
2007-04-27,38514.47,13.02,13.54,12.45
2007-04-26,38777.02,13.11,13.63,12.79
2007-04-25,38651.33,13.1,13.51,13.21
2007-04-24,39053.88,13.21,13.73,13.12
2007-04-23,39077.34,13.22,13.73,13.04
2007-04-20,38492.5,13.03,13.48,12.07
2007-04-19,38480.72,13.02,13.53,12.54
2007-04-18,38765.37,13.13,13.37,12.42
2007-04-17,38794.89,11.87,13.14,12.14
2007-04-16,38285.73,11.67,12.97,11.98
2007-04-13,40113.42,12.39,13.57,12.2
2007-04-12,40744.41,12.87,13.73,12.71
2007-04-11,41621.24,13.28,13.99,13.49
2007-04-10,40280.21,12.71,13.59,12.68
2007-04-09,41754.91,13.3,14.03,13.14
2007-04-05,41954.53,13.53,14,13.23
2007-04-04,42460.08,13.65,14.2,13.24
2007-04-03,43093.34,14,14.28,13.46
2007-04-02,44924.47,14.7,14.77,14.53
2007-03-30,44065.66,14.49,14.39,14.64
2007-03-29,44457.2,14.6,14.55,15.14
2007-03-28,44745.99,14.72,14.59,14.98
2007-03-27,42491.29,13.93,13.99,13.48
2007-03-26,41039.68,13.38,13.79,13.16
2007-03-23,40949.71,13.33,13.87,12.95
2007-03-22,40983.52,13.36,13.72,12.93
2007-03-21,40732.01,13.28,13.6,12.19
2007-03-20,44105.89,13.06,14.38,13.27
2007-03-19,45772.37,14.32,14.89,14.59
2007-03-16,48745.74,15.99,15.79,16.79
2007-03-15,47277.82,15.4,15.33,16.43
2007-03-14,47026.15,15.81,15.15,17.27
2007-03-13,45361.2,15.34,14.59,18.13
2007-03-12,41439.77,13.14,13.62,13.99
2007-03-09,42157.08,13.6,13.76,14.09
2007-03-08,42208.34,13.75,13.71,14.29
2007-03-07,43807.49,14.37,14.17,15.24
2007-03-06,44563.05,15.03,14.12,15.96
2007-03-05,47614.48,16.15,15.01,19.63
2007-03-02,45505.75,15.19,14.59,18.61
2007-03-01,43034.43,14.16,14.04,15.82
2007-02-28,41237.52,13.5,13.55,15.42
2007-02-27,44810.3,14.81,14.49,18.31
2007-02-26,35982.33,11.44,12.54,11.15
2007-02-23,36352.02,11.59,12.59,10.58
2007-02-22,35047.16,11.15,12.21,10.18
2007-02-21,35298.87,11.24,12.26,10.2
2007-02-20,35659.8,11.37,12.31,10.24
2007-02-16,36280.64,11.56,12.58,10.02
2007-02-15,36259.87,11.55,12.61,10.22
2007-02-14,36524.4,11.63,12.8,10.23
2007-02-13,37654.99,10.43,11.99,10.34
2007-02-12,39093.29,11.36,12.42,11.61
2007-02-09,38423.43,11.23,12.2,11.1
2007-02-08,37695.09,11.01,11.97,10.44
2007-02-07,37451.86,10.95,11.89,10.32
2007-02-06,37957.96,11.16,12.03,10.65
2007-02-05,38522.38,11.16,12.28,10.55
2007-02-02,38483.5,11.2,12.24,10.08
2007-02-01,38646.23,11.28,12.27,10.31
2007-01-31,39128.31,11.51,12.35,10.42
2007-01-30,39751.47,11.6,12.64,10.96
2007-01-29,40383.91,11.81,12.81,11.45
2007-01-26,40483.14,11.88,12.78,11.13
2007-01-25,40375.25,11.83,12.78,11.22
2007-01-24,38915.54,11.32,12.51,9.89
2007-01-23,39351.01,11.47,12.58,10.34
2007-01-22,40576.1,11.85,12.88,10.77
2007-01-19,40065.71,11.69,12.78,10.4
2007-01-18,41237.22,12.06,12.9,10.85
2007-01-17,40751.65,11.91,12.9,10.59
2007-01-16,40717.44,10.59,11.9,10.74
2007-01-12,41315.06,10.66,12.08,10.15
2007-01-11,42057.64,10.98,12.28,10.87
2007-01-10,45153.55,11.9,13.16,11.47
2007-01-09,45651.18,12.22,13.28,11.91
2007-01-08,45856.4,12.25,13.33,12
2007-01-05,46362.61,12.38,13.48,12.14
2007-01-04,45297.02,12.11,13.16,11.51
2007-01-03,45522.11,12.21,13.16,12.04
2006-12-29,45522.11,12.3,13.11,11.56
2006-12-28,45043.4,12.09,13.12,10.99
2006-12-27,44641.46,11.95,13.08,10.64
2006-12-26,45810.86,12.27,13.4,11.26
2006-12-22,47051.33,12.62,13.68,11.36
2006-12-21,46386.8,12.44,13.5,10.53
2006-12-20,46048.51,12.35,13.39,10.26
2006-12-19,46197.66,10.57,12.39,10.3
2006-12-18,47454.44,10.56,12.74,10.6
2006-12-15,47312.74,10.44,12.71,10.05
2006-12-14,46679.74,10.37,12.53,9.97
2006-12-13,46468.78,10.54,12.43,10.18
2006-12-12,47228.06,11.18,12.51,10.65
2006-12-11,47732.24,11.43,12.6,10.71
2006-12-08,48936.05,11.98,12.81,12.07
2006-12-07,48857.96,12,12.77,12.67
2006-12-06,48001.66,11.55,12.69,11.33
2006-12-05,47631.61,11.52,12.55,11.27
2006-12-04,47470.58,11.49,12.5,11.23
2006-12-01,48262.08,11.65,12.74,11.66
2006-11-30,47259.07,11.37,12.52,10.91
2006-11-29,47568.17,11.46,12.58,10.83
2006-11-28,49490.12,12,12.96,11.62
2006-11-27,51297.79,12.46,13.39,12.3
2006-11-24,48510.87,11.7,12.79,10.73
2006-11-22,47954.67,11.61,12.59,10.14
2006-11-21,47508.17,11.5,12.48,9.9
2006-11-20,47189.1,11.43,12.36,9.97
2006-11-17,48026.93,11.67,12.32,10.05
2006-11-16,47678.73,11.58,12.29,10.16
2006-11-15,47846.43,11.62,12.35,10.31
2006-11-14,48258.19,10.25,11.72,10.5
2006-11-13,49312.73,10.59,11.97,10.86
2006-11-10,49516.95,11,11.95,10.79
2006-11-09,49125.63,10.99,11.87,11.01
2006-11-08,48999.6,10.92,11.85,10.75
2006-11-07,49906.42,11.18,12.05,11.09
2006-11-06,49741.32,11.12,12.02,11.16
2006-11-03,51494.27,11.5,12.45,11.16
2006-11-02,51852.64,11.65,12.49,11.42
2006-11-01,51518.72,11.55,12.43,11.51
2006-10-31,50423.03,11.31,12.16,11.1
2006-10-30,50789.59,11.35,12.3,11.2
2006-10-27,50616.39,11.31,12.26,10.8
2006-10-26,50370.75,11.25,12.21,10.56
2006-10-25,51510.19,11.49,12.52,10.66
2006-10-24,52803.7,11.78,12.83,10.78
2006-10-23,53693.3,11.95,13.16,11.08
2006-10-20,55021.08,12.28,13.29,10.63
2006-10-19,56065.42,12.52,13.48,10.9
2006-10-18,56386.61,12.59,13.59,11.34
2006-10-17,56655.33,11.23,12.65,11.73
2006-10-16,55918.93,10.62,12.51,11.09
2006-10-13,57275.95,11.18,12.78,10.75
2006-10-12,58059.26,11.36,12.95,11.09
2006-10-11,59364.59,11.62,13.24,11.62
2006-10-10,60174,11.72,13.44,11.52
2006-10-09,61831.53,12.23,13.73,11.68
2006-10-06,63002.14,12.48,13.98,11.56
2006-10-05,63105.73,12.58,13.95,11.98
2006-10-04,63664.21,12.72,14.05,11.86
2006-10-03,67041.24,13.49,14.7,12.24
2006-10-02,67005.42,13.37,14.83,12.57
2006-09-29,65843.36,13.1,14.63,11.98
2006-09-28,66094.46,13.18,14.63,11.72
2006-09-27,66283.79,13.21,14.69,11.58
2006-09-26,66076.34,13.22,14.49,11.53
2006-09-25,67488.69,13.5,14.81,12.12
2006-09-22,69792.27,13.99,15.15,12.59
2006-09-21,69579.52,13.96,14.99,12.25
2006-09-20,67752.07,13.59,14.66,11.39
2006-09-19,69098.14,11.82,13.86,11.98
2006-09-18,69399.11,11.88,13.92,11.78
2006-09-15,70088.9,12.09,14.05,11.76
2006-09-14,70355.45,12.3,14.08,11.55
2006-09-13,69351.58,12.22,13.86,11.18
2006-09-12,70578.55,12.57,14.07,11.92
2006-09-11,74495.29,13.6,14.74,12.99
2006-09-08,74213.06,13.68,14.63,13.16
2006-09-07,74714.27,13.83,14.7,13.88
2006-09-06,73889.09,13.69,14.53,13.74
2006-09-05,70940.65,12.99,14.06,12.63
2006-09-01,70504.99,12.95,13.94,11.96
2006-08-31,71973.3,13.23,14.22,12.31
2006-08-30,73086.61,13.46,14.41,12.22
2006-08-29,73570.13,13.56,14.49,12.28
2006-08-28,72703.98,13.31,14.47,12.18
2006-08-25,73765.61,13.54,14.61,12.31
